Tweets,Sentiment
And csk is most followed team on Twitter inspite of not playing 2 seasons. But always love #csk,positive
@IPL      #csk             #,neutral
#IPL without Chennai #CSK is lik food without salt and spice,neutral
#CSK fans ku Vaai mattum illayo,neutral
Most followed @IPL team on @Twitter is @ChennaiIPL #MyCSK #ChennaiSuperKings @msdhoni @ImRaina #CSK,positive
jbse #CSK hati h m dekhta hi ni hu IPL sbse achi team ko hata diya sab ko pata h IPL paise ka khel h isme sb involve h,neutral
   ..  ? #CSKRewind #IPL #CSK http:// bit.ly/2p8XL2x pic.twitter.com/cDC4O6D92u,neutral
Thala back... Ball over the roof... Waiting ipl11 #csk  ...    ... @ChennaiIPL,neutral
#CSK next year baby..... waise v #2k16_nd_2k17 ka #IPL dekh hi ny rha m...... #MAHI_CSK  https://www. instagram.com/p/BS-WD7Rj8D2/,neutral
Champions are coming back again in 2018 #CSK .... others team be careful pic.twitter.com/TFWjwHUuFS,negative
#HBDMurali HAPPY BIRTHDAY Mr. 800... #Whistlepodu #csk,positive
We're waiting in suspended animation for #CSK to be back https:// twitter.com/arasiarul/stat us/853812448570351616 ,neutral
Dhoni....the north still remembers! #CSK,neutral
   ..  ? #CSKRewind #IPL #CSK http:// bit.ly/2p8XL2x pic.twitter.com/pjEOEV7nBC,neutral
Ms Dhoni vs Usen polt.. #Indians #Ms dhoni #Csk pic.twitter.com/WgKQKuHEAA,neutral
It's just Sample ... Waiting for #SummerOf18 #CSK #Yaarukuda Vayasu aagiduchi pic.twitter.com/DDdhcn6Zby,neutral
Mahi maar raha he moment. Pic credit cricfit #msdians #msd #csk #ipl10 #rps #bleeddhonism  https://www. instagram.com/p/BS-RExND9ef/,neutral
@hvgoenka say bye bye to the ipl man next year the legend team is coming under the legend captain #whistlepodu #csk #msd,neutral
Dhoni Dhoni Dhoni #mahi #msdians #msdian #legend #csk #rps https://www. instagram.com/p/BS-OpEQDAw4/,neutral
Looking forward to seeing you in YELLOW soon.. #CSK #ThalaDhoni @ChennaiIPL You belong with us @msdhoni,neutral
#CSK #ThalaDhoni @ChennaiIPL @msdhoni #2K18    #IPL2018 https:// twitter.com/mudichavikki/s tatus/853272043298725888 ,neutral
#cskforever we miss u @msdhoni plZ next year #csk team mein aa Jana apne gar,neutral
if @msdhoni had been part,neutral
#csk da #ipl #2018 #msd da https:// twitter.com/itzthanesh/sta tus/853668183269662720 ,neutral
#MSD back to lead #CSK http:// fb.me/1CtlhXKDG,neutral
Dang Dang Dang Dang 7aum Number Don!!! #DhoniSwagger #CSK #IPL2018 #ReturnOfLegacy http:// fb.me/3G1GVqbeQ,neutral
Fans can't wait for #BCCI 's official announcement on return of #CSK next season,neutral
I year more for #CSK entry @Singaperumalkoil,positive
Goyyala #CSK daa https:// twitter.com/Bazmccullum/st atus/853258275571154945 ,neutral
#dhoni #Csk #2k18 is #Chennai kolla mass pic.twitter.com/sG3GD556a4,neutral
#DhoniForever #Dhoni #Csk fan pic.twitter.com/GHfA9AihTX,neutral
Whatta six Last night match #MsD . Stunning SiX..Very Excited To Nxt year #CsK 2018... @ChennaiIPL .. #Just The Beginning  . pic.twitter.com/LQq8Avme8w,positive
What is for sure he's does not have the same passion playing for Pune as he did for Chennai #RPS #CSK #IPL,positive
All smiles after the match #RCBvRPS #Csk pic.twitter.com/L5nPTMVimR,neutral
This shot thala #msdhoni @msdhoni Loved it. Waiting for the return of @ChennaiIPL #csk #msd pic.twitter.com/hOfNYYrTLj,positive
I used to love his batting and complete him but today after reading this i fell for him again. My 3 favs in one team was bloody good. #csk https:// twitter.com/bazmccullum/st atus/853258275571154945 ,positive
#RPS doesn't deserve this.. want #csk back.. #RPSvsRCB #msdhoni https:// twitter.com/IPL/status/853 645515258572800 ,neutral
CSK is team Dhoni is Emotion & Love #Dhoni #CSK,positive
Being a fan of @RPSupergiants team.. hope that they will bounce back from here.. Although never mind.. #CSK will be back in next year..,neutral
#stump "Dhoni 28" #RCBvRPS #Dhoni #csk pic.twitter.com/NVuxp8eoi9,neutral
  ,neutral
#csk #cskforever #ipl #IPL #IPL2017 #IPLFever RT If u miss #CSKteam !! pic.twitter.com/WhaGz3gFUQ,neutral
      #CSK @hvgoenka,neutral
@ChennaiIPL This was taken at RCB vs CSK match at BLR,neutral
Pls stop parrating abt Pune..Things are going well...U concentrate on #GL & #CsK ..,neutral
#msdhoni d ball landed in chepuk for Next year bang bang #CSK returns,neutral
#CSK on field #Veralevel https:// twitter.com/iParth_/status /853526141784739842 ,neutral
@msdhoni we are waiting for 2k18 to see MSD once again ruling @ChennaiIPL #csk,neutral
Thala @msdhoni Next Level.... #MSDian #OutOfStadium #Stumping https:// goo.gl/fvA5ZP #RCBvRPS #CSK #BleedYellow,neutral
Please anyone tell me distance of the #six ??? #RPSvsRCB #Dhoni #csk #MSDhoni #RPS pic.twitter.com/NFiLv1Goae,neutral
#RCBvRPS who was the captain of Pune today? I saw @msdhoni making changes on the field today? @stevesmith49 learning mind it #csk,neutral
The Moments That Made My Day! #MSD24K #MassiveSix #QuickFireStumping #CSK #RCBvRPS #MSDhoni @ChennaiIPL @msdhoni pic.twitter.com/ztBf6x5hiG,neutral
Look at the love for #CSK #cskforever https:// twitter.com/aj191/status/8 53533564041744384 ,positive
#csk will be back wid a bang,neutral
#csk will be back next year for sure.... just waiting for that,positive
Best part abt today's match: ppl shouting #csk #csk during #RCBvRPS @ChennaiIPL,positive
You Needed One Fielder On The Roof That Was A Bang From @msdhoni @ChennaiIPL #CSK #MSDhoni #RCBvRPS https:// twitter.com/IPL/status/853 645515258572800 ,neutral
Don't worry next year #CSK is coming with powerful batting line up and bowling. https:// twitter.com/Caped_Humor/st atus/853672092654379008 ,positive
Chants of Dhoni! Dhoni! and CSK!CSK! at Bengaluru ! Crazy @ChennaiIPL 2018 will be bigger ! #Csk #BestFanArmy @IPL,negative
Mark My Words : #RPS Are Back In The Tournament Iam Waiting For #CSK For A While,neutral
THAT'S THE DHONI POWER WARNER SIR..... #CSK 2018.,neutral
The ball reached Chennai! #CSK awaited #MSD https:// twitter.com/davidwarner31/ status/853633037220708352 ,neutral
Quicker hands than #ABD ... #MSD @spindoctorLS @SriniMama16 #CSK,neutral
Great come back team @RPSupergiants and our #CSK captain as well @msdhoni ... #MSDhoni,positive
17th match is over. 43 to go for #csk to return #ipl @ChennaiIPL,neutral
It's just beginning...Main pic coming soon 2018 #ipl11 #csk,positive
16th match is over. 44 to go for #csk to return #ipl @ChennaiIPL,neutral
#RCB = #Vaiko of #IPL Entertains but never succeed #IPL2017 #IPL #TamilNadu #cskreturns #csk,neutral
 #RPSG #CSK ,neutral
Give me back my #CSK ! Can't wait fa #Summer '18 Every1 associated with CSK has such gud words to share https:// twitter.com/aj191/status/8 53533564041744384 ,neutral
Chennai Super Kings      ! #CSK #,positive
#IPL is boring without #CSK,negative
#RCBvRPS thanks for #bangalore fans remembered #CSK Match in #Chennai #dhoni #dhoni #dhoni @msdhoni @msdfansofficial,positive
The winning moments... ppl r chanting #csk csk csk....!!! @ChennaiIPL ! @russcsk #RCBvRPS #ipl pic.twitter.com/4pyqZzPYr4,positive
#RPS ey thakku pudikka mudila. #RCB still thinks #CSK as rivals,neutral
#MSDhoni Next Year #CSK @ChennaiIPL pic.twitter.com/atouP4Sawd,neutral
 ....  .. #CSK #msdhoni #ipl #IPL2018 #ChiyaanVikram #DhuruvaNatchathiram #Happybirthdaychiyaan pic.twitter.com/TSTGQlhCxj,neutral
Just the news of #CSK formation did this...imagine #Dhoni at #IPL2018 . #Thaa Sangu Di,neutral
Feel that moment of next year #csk #ipl #IPL2018 #msdhoni pic.twitter.com/FZnyl5byOU,neutral
  #CSK  .   IPL  ,neutral
Madly Waiting 4 #CSK Entry 2018..  #Chepauk   #VIRU    .. #Ipl,negative
    ... #CSK,neutral
Corrupted #CSK,neutral
#CSK #Whistlepodu #RPSvRCB #IPL #SummerOf18 pic.twitter.com/vveQCXs6hL,neutral
CSK WILL BE BACK NEXT YEAR!!!! #Whistlepodu #csk,neutral
Csk        #Dhoni #csk pic.twitter.com/0OoCAAJzKP,neutral
@ChennaiIPL #Csk Love pic.twitter.com/uPrb5iyE3Z,positive
Os dejo nuevo edit,neutral
Whole Chinnaswamy stadium chanting Dhoni Dhoni #CSK,positive
That's dhoni. That's our thala #csk @ChennaiIPL,neutral
#incrediblehumans #csk pic.twitter.com/ztXzXSm3o0,neutral
#CSK @ChennaiIPL be like.. Naa varen !! Feel it ! #WhistlesWillBeBack pic.twitter.com/ZN5QZf4zKN,neutral
#RPS win or lose...always waiting for #CSK ...and a wonderful comeback from @msdhoni ..making the trollers and critics repent.. #MSDian_forever,positive
#RCBvRPS whom shd i support #CSK captain or cricket god @ABdeVilliers17,neutral
Inspite of #CSK not playing 2 seasons. https:// twitter.com/SeerviBharath/ status/853620721284767744 ,neutral
Finally #MI 95 in 167 beats #CSK 94 in 156 to become most victorious team..       #dhoni,positive
Only I know how much I am waiting for him to wear that #YellowJersy again. #CSK #Dhoni #Ipl,positive
Most Successful Team In 20-20 cricket #MI - (95 Wins)* #CSK - (94 Wins),positive
Yes,neutral
   #csk ".   2010,neutral
Nxt year #Csk #Dhoni helicopter shot ku waiting ! https:// twitter.com/ChennaiIPL/sta tus/853633546384138241 ,neutral
Jo bhi #CSK fan hai vo other ipl team ko agr follow kr rhe hai to un teamo ko unfollow kr do sirf CSK ko follow kro #dhoni #westandbydhoni,negative
The most loved ipl team everrrrrr congratss #CSK https:// twitter.com/ChennaiIPL/sta tus/853642268107919361 ,positive
#CSK ke bina IPL is not the same. Big team,neutral
#CSK           #     ....,neutral
@SirJadeja #csk #ipl #Dhoni sends the ball to the roof ... probably on its way to meet RPS owner pic.twitter.com/oj0j3plsdT,neutral
Most followed #ipl team on Twitter #csk !! https:// twitter.com/ChennaiIPL/sta tus/853642268107919361 ,positive
       . #IPL2017 #CSK #MI @MahelaJay @mipaltan http:// vilaiyattu.com/home/news/cric ket/ipl/%E0%AE%9A%E0%AF%86%E0%AE%A9%E0%AF%8D%E0%AE%A9%E0%AF%88-%E0%AE%9A%E0%AF%82%E0%AE%AA%E0%AF%8D%E0%AE%AA%E0%AE%B0%E0%AF%8D-%E0%AE%95%E0%AE%BF%E0%AE%99%E0%AF%8D%E0%AE%B8%E0%AF%8D-%E0%AE%9A%E0%AE%BE/ ,neutral
Free ah vidu rads namakku eppovum #Csk mattum tha,positive
Am I the only one who is missing Faf #Duplessis and Bravo in this IPL? Waiting for #IPL2018 #IPL2017 #CSK,negative
Must buy those yellow Jersey next year.. #CSK .. #Dhoni ..,neutral
N then achievement is this!! @msdhoni @SaakshiSRawat #westandbydhoni #csk #IPL10 pic.twitter.com/c1Pbh37cRO,neutral
We seriously need #CSK in #ipl .. the tournament is getting poorer match after match #RCBvRPS #IPL2017,negative
#Mumbai Indians overtake #CSK in victory over Lions Highlights from the #IPL match #mivsgl http:// fb.me/911t1nE5z,neutral
Really Very Missing my @ChennaiIPL Waiting for Next year #IPL2k18 #whistlepodu #Msd24K #BestCaptain #CSK,negative
#Dhoni #Csk #Rps pic.twitter.com/2pie2pTRRN,neutral
#csk  .....,neutral
   #Form -   #ipl  #CSK    #Form -  #msdhoni,neutral
#MSD says to his fans that the beast in him is still there .ini next year #CSK la adha mulusa pakka paarom . #HappyFeeling #RCBvRPS,neutral
i am blocked hahaha #MahiForever #msd #csk #ipl pic.twitter.com/BsfZRhgKEk,positive
I absolutely respect MSD. But looks like he's being a liability to @RPSupergiants .Feels like he doesn't belong in this team. #Csk #RCBvRPS,positive
   CSK  . #CSK,neutral
           .. ..  . #Thala #msdhoni #CSK pic.twitter.com/dNhorGBYl6,neutral
#CSK @ChennaiIPL https:// twitter.com/bazmccullum/st atus/853258275571154945 ,neutral
Just following up #RPSG only for this man #Msdhoni ..2 years still no bond felt towards team.. proud #csk fan.. #cskreturns #IPL10,positive
Cricket Fans: What are you searching,neutral
Runs are coming thick and fast for RPS. #CSK #WhistlePodu #RCBvRPS @ChennaiIPL,negative
Kids Hit Six Men hit out of park Only Legends hit the balls not to use again #Dhoni #CSK,neutral
It's jus travel from Chinnaswamy stadium to Chepauk . #ThalaArrivingSoon #CSK #WhistlePodu moments on d way,neutral
Out of the park. Massive hit. #CSK #WhistlePodu,neutral
That's the one #CSK fans been waiting for. #RCBvsRPS out of the park #HelicopterShot,neutral
That was a monster from Dhoni. Out of the stadium. #RCBvRPS #CSK @ChennaiIPL,neutral
Ahaa asalu enduku aadali? Ahaa enduku cheppandi vintanu.. Next #CSK vostundi appudu dummu lepadam guarantee.. Fav cheskondi ..,neutral
U know @ChennaiIPL is more than a team. When u see player's missing #CSK equally along with fans. #IPL #Whistlepodu https:// twitter.com/aj191/status/8 53533564041744384 ,positive
#Prediction is his Versatility...! #Dhoni is a precious gem... #RespectDhoni #WeStandByDhoni Trend till the last...... #CSK #IPL #RPSvsRCB pic.twitter.com/jmryQzIOa2,positive
Mama thala fav Grnd (when he s in #CSK ),neutral
What I feel is he is not liking this pune franchise,neutral
#NSrinivasan was humbled by banning #CSK . Why wasn't #RCB banned fr @TheVijayMallya fr loot? Why wasn't #KKR banned for @iamsrk for ED case?,neutral
@ChennaiIPL Missing #CSK please jldi aajao purani team leke ...,negative
# ??????   #      .... #Csk,neutral
TL #CSK da pic.twitter.com/VTIt5CyYDY,neutral
It's so awesome to see @msdhoni play #csk nostalgia,positive
Gethu da #csk,neutral
#CSK fan's ideal scenario today: Dhoni scores a scorcher and #RPS loses! #RCBvRPS #IPL,positive
   #csk pic.twitter.com/8ZDoT3GEEg,neutral
#RCBvRPS #csk #dhoni #westandbydhoni #IPL10 #IPL2017 We love you dhoni...!!! https:// youtu.be/GHnSld8-Vks,positive
Be Scared Haters ,neutral
#CSK KING F IPL,neutral
@ChennaiIPL @russcsk just watching Pune and Rcb match only to see the King of Kings come out to bat. @russcsk thanks for sharing the pic. #Csk,positive
I am really missing him play for #CSK .. Next yr we will b back with a bang #WhistlePodu,negative
@ChennaiIPL CSK The King Of Ipl will return in style along side #MSD . #CSK fan forever #Cskian4Life #ipl #returnOfThePride #WhistlePodu pic.twitter.com/MKMe4XxX6z,neutral
When Dhoni enters The Ground Fans be like Goosebumps moment.... #Dhoni #Csk #RCBvRPS pic.twitter.com/W5S12uPjDn,neutral
yeah #CSK too,neutral
@DJBravo47 Miss your dance moves #Bravo in this #Ipl #CSK is waiting for you... @ChennaiIPL pic.twitter.com/uwfnP4H5P4,neutral
Exactly Sir :) no other can be seen wen they are playing at der home. Pitches.. And not forgetting #CSK,positive
Most matches won in T20 cricket: 95: MI* 94: CSK 90: Lancashire But #CSK boss of all teams! Banned for 2 years & still on 2nd spot #MIvGL,positive
maa #csk apathbandavudu badrinath Ni evaru theesukoleda,neutral
Its time for all #CSK fans & @msdhoni fans lets once again teach a lesson to @RPSupergiants & @hvgoenka . #RCBvRPS,neutral
SHOW LOVE TO #CSK #cskreturns to #battlefield in next #IPL .Show your support to the team -------> buy now : http:// goo.gl/sPQgl9 <------- pic.twitter.com/ANqZzr1I7e,positive
Come On @imVkohli & @RCBTweets ,neutral
    ,neutral
Spread Over two extra seasons DOT! #CSKDAW ! #csk,neutral
Damn how much i miss #CSK,positive
King of IPL #CSK #IPL11 #DHONI http:// fb.me/7FwuNBZdU,neutral
Agr es team ke captain #dhoni hote to yh team #CSK jaise jitti,neutral
I should have bought my #Csk Jersey at least! #Whistlepodu,negative
#IPL2017 Perfect example of United we stand #CSK divided we fall #GL #RPS #SonySix,positive
#RPS #10SaalAapkeNaam we will be back in next season as #CSK,neutral
@sak_twits Don't we will back with bang... #CSK #CSK #CSK,neutral
@legendnavin @ChennaiIPL we are madly waiting bazzz! Come soon #Csk,negative
15th match is over. 45 to go for #csk to return #ipl @ChennaiIPL,neutral
I am so excited about CSK's comeback ! Not so interested in GL RPS matches ! #CSK #forever,positive
Here to support #Msdhoni #Mahi RangWahiJungNayi #csk http:// ift.tt/2pmfnaS pic.twitter.com/3B4hP1SwD1,neutral
Ash,neutral
waiting to see @QuinnyDeKock69 in #CSK can we????,neutral
#Theri Baby #ipl #IPL2017 #IPL2018 #Csk #MSDhoni pic.twitter.com/nOa0bNQYVJ,neutral
Match day.. supporting @ChennaiIPL and #MSD Form is temporary,positive
add him in #CSK next season mama.,neutral
next season #CSK player. And And @QuinnyDeKock69 also. Eagerly waiting....,neutral
Yess...u were the besstest cricket team ever nd just 1 yr u will be back #csk,neutral
#westandbydhoni #csk #ipl #IPL2017 pic.twitter.com/jv1yMJZKXR,neutral
Mama from 2018,neutral
@SriniMama16 can u remember few big players played for #CSK but ppl won't that thy played for @ChennaiIPL For Example @flintoff11 #IPL2017,negative
#Dhonidropped I don't care next year he will be back to where he belongs #csk,neutral
Yes,neutral
Dei Raja won't be easy to get the same team. Ajinkya opening with Baz,positive
#Thala will be back next season! #IPL #CSK https:// twitter.com/spindoctorLS/s tatus/853593482950324227 ,neutral
Can't wait to see you playing for #CSK @ChennaiIPL,neutral
Let's hope today dhoni Come back to his form #we stand for dhoni #csk,neutral
Gud to see u guys #boys are back #csk reunion https:// twitter.com/russcsk/status /853010781457104898 ,neutral
It happened to Bravo while playing fr #csk https:// twitter.com/BrokenCricket/ status/853551482162913280 ,neutral
#Csk https:// twitter.com/iParth_/status /853526141784739842 ,neutral
Waiting for #CSK ... http:// fb.me/1jE2jDHvy,neutral
Why everyone around is predicting that we won't be having the same #CSK squad as earlier! Without the same players. CSK WON'T BE CSK,neutral
First it was BAZZ now Andrew Tye. Only in @ChennaiIPL you can see this kind of stuff!!! #csk https:// twitter.com/aj191/status/8 53533564041744384 ,positive
#csk #chennai #home #chill #friendsforever #happytimes pic.twitter.com/INpT0WKEF6,neutral
I was Hope #Csk will be Back on 2018... Rpsg & GL....players are change to Yellow #WistlePodu .....mamu,neutral
Today is the day He will resurrect from the dead & return in triumph! Yes,negative
My #favourite #team #teamo #chennai #super #king #csk #namba #chennai #dhoni #mccullum  https://www. instagram.com/p/BS8dijSlzDP/,positive
#csk da pic.twitter.com/04StLSSXTF,neutral
@ChennaiIPL bhai #csk next year comeback kar rhe ho na..?,neutral
#CSK is back <3 #whistle puddoooooo ;p :P :D (H) http:// fb.me/3FPgkmgSn,neutral
Thalaivan gone 28(29) GL 81-2 Come on #GL #Csk,neutral
#imotions #love #inspiration #life great #feeling & so so on & is 1&only a #mahi team #CSK Frvr,positive
Nammakku eppothum namba @ChennaiIPL thaan saar #Csk #whistlepodu,neutral
#CSK   4      .   ...,neutral
Use khelna bhi nhi chahiye pune ki taraf se ,neutral
#CSK @ChennaiIPL,neutral
#GujaratLions The only team which i show my complete support after #CSK #sureshraina #cskreturns #CSKian #IPL #IPL2017,positive
     Make way for Chennai Super Kings!!! #CSK https:// twitter.com/mudichavikki/s tatus/853272043298725888 ,positive
Major missing #csk,negative
Gujarat Lions @TheGujaratLions the only team after #csk to have more fan base throughout #India ..!!! #GLvMI @ChennaiIPL #sureshraina,negative
@msdhoni ur views on returning to #CSK ?,neutral
We are waiting to watch IPL from next year atleast #CSK -THE KING OF IPL #RETURNS TO ITS DEN WITH A HUGE ROAR https:// twitter.com/GuruMaheshGJ/s tatus/853479779135365120 ,positive
#CSK https:// twitter.com/Bazmccullum/st atus/853258275571154945 ,neutral
2 more months and we will be back officially. #WhistlePodu @ChennaiIPL #CSK,positive
Planning to renew my CSK Membership. Unable to do so. King's club in the site isn't working. Pls fix it boys! Can't wait. #IPL #CSK,negative
Earth shattering entry for sure in #IPL2018 . #Dhoni will roar .we are passing time here. #CSK da.     ,positive
Just one more year Mumbai your rivals will be back for some entertainment #CSK #WhistlePodu,positive
Cant buy the Words from the heart .. #CSK,neutral
#mumbaiindians Is really missing #csk in this IPL @Whistlepodu4Csk #IPL #MIvGL #VIVOIPL #CricketMeriJaan #IPL #HappyEaster #cricket #IPLT pic.twitter.com/dHA7E2ZLtn,negative
#dhoni #csk    ()   pic.twitter.com/iaB9udM51D,neutral
#cskreturns #Whistlepodu #csk #captiancool #Thala #MSDhoni https:// twitter.com/bazmccullum/st atus/853258275571154945 ,neutral
Varom da adutha season. CSK is just not a team it's an emotion. Most important yenga #msdhoni will lead the side. #CSK #Chennaisuperkings,positive
Divided by teams,neutral
@ChennaiIPL #SummerOf18 #CSK pic.twitter.com/SXoTvxvdvj,neutral
ThankYou @aj191 For Remembering The Place Where You Began. #CSK @ChennaiIPL It's A Family,neutral
@ChennaiIPL We r waiting 4 the return of our #CSK Family in 2018 still can't tolerate this year's @IPL Just watching & Supporting @msdhoni,positive
#CSK #TheBoysWillBack #whistlePodu #Bleedyellow @ChennaiIPL @ImRaina @msdhoni @Bazmccullum @imjadeja @SirJadeja @Raina_Universe pic.twitter.com/C4FUQdGDsy,neutral
@ChennaiIPL #CSK is not a team,neutral
Next yr this gang will be back with bang #CSK https:// twitter.com/russcsk/status /853010781457104898 ,neutral
Yellow jersey combination is back,neutral
@ChennaiIPL family #super family #best family.. lv u & missing u #csk pic.twitter.com/yBZTzqkOCy,positive
Looks Like Everyone Routing For #CSK Return #CSK Mania Everywhere #IPL #IPL2017 @IPL @ChennaiIPL @Russcsk https:// twitter.com/aj191/status/8 53533564041744384 ,neutral
Undoubtedly!! #CSK https:// twitter.com/radan9626/stat us/853541281431076864 ,neutral
#MakkalTeam #MakkalCaptian #CSK Can't wait to See #WhistlePodu,neutral
Divided by Jerseys United by Team #CSK pic.twitter.com/Wy5DCXmEl8,neutral
@Bazmccullum Totally love the bond the entire @ChennaiIPL #CSK shares. . Players,positive
Will Dhoni make a switch to #CSK ? Whatever happens we are waiting to welcome the yellow and blue .. #WhistlePodu ... http:// fb.me/1XHPBWbBW,positive
Never Ending Love for #CSK The Den is awaiting for their Lions arrival.,positive
#WhistlesWillBeBack #yellow #csk #cskreturns #cskforever #CSKian @ChennaiIPL @msdhoni We are waiting for #IPL11 pic.twitter.com/LiIWKED2qa,neutral
Will Dhoni make a switch to #CSK ? Whatever happens we are waiting to welcome the yellow and blue .. #WhistlePodu ... http:// fb.me/5iyIm2JMc,positive
#family #csk https:// twitter.com/Bazmccullum/st atus/853258275571154945 ,neutral
@ChennaiIPL @msdhoni @russcsk #CSK https:// twitter.com/ARUNSEKAR1111/ status/853489955737186304 ,neutral
Our Very Own #Csk Family #WhistlesWillBeBack #SummerOf18 @ChennaiIPL @russcsk https:// twitter.com/aj191/status/8 53533564041744384 ,positive
#csk daaa https:// twitter.com/KakkaiSithar/s tatus/851709968621461504 ,neutral
thats what @msdhoni has been maintaining a good atmospehere in #csk & #TeamIndia & results r out for u to see #dhoni #westandbydhoni #ipl https:// twitter.com/ggwitter/statu s/853402303717560320 ,positive
#Csk with #thaladhoni as captain is back #Whistlepodu @iamdinesh19 @Karthikeyan11r @CSKFansOfficial @cskFC @Whistlepodu4Csk @gunamkce pic.twitter.com/tdnr7swn2v,neutral
#CSK #CSKforLife @ChennaiIPL https:// twitter.com/Bazmccullum/st atus/853258275571154945 ,neutral
If #csk is back will #sureshraina ,neutral
hope to see you back in Yellow next season #Whistlepodu #CSK,neutral
We have good news coming in for Chennai Super Kings #CSK and Rajasthan Royals #RR fans... Stay tuned. http:// fb.me/TnOvhFjd,positive
StayCalmBelieveDhoni Yay #CSK surely he wil bounce back in 2k18 #KingsGonnaComeBack Don't b a chameleon #Dhonidropped wil regret it ltr,positive
@BCCI always surprise me with double stand . #CSK can come back after two year who prove to be guilty can't @sreesanth36 who proved innocent pic.twitter.com/J7NFGn1foC,neutral
#CSK need 2 runs from 1 ball and #SirJADDU won the match for CSK with a ball to spare #CSKMEMORIES #whistlepodu http:// fb.me/WLT73sZU,neutral
People criticising @msdhoni on his form.It's weird how quickly people forget his contribution to the nation #staystrong #RPS #IPL2017 #csk,negative
Even if it's not for the same franchise. One more year to go. @msdhoni #CSK (2),positive
#CSK enough said! https:// twitter.com/Bazmccullum/st atus/853258275571154945 ,neutral
WOW #CSK When will we get to see this team all together again?! #MissYouloadsCSK @ChennaiIPL https:// twitter.com/Bazmccullum/st atus/853258275571154945 ,positive
I THINK @msdhoni WAITING FOR #CSK BCZ PLAYING ENVIRONMENT ISN'T GOOD IN #RPS FOR DHONI.,positive
Thanks waiting for u all... #csk 2018,positive
Cant tell how much i miss #csk @ChennaiIPL pic.twitter.com/8oZpJUnPt6,positive
@russcsk We Want These Days Back #CSK #SummerOf18 #IPL @msdhoni @ImRaina #IPL2018 #MSDhoni #SureshRaina #Whistlepodu @ChennaiIPL pic.twitter.com/Rqf5s9XHR9,neutral
#csk https:// twitter.com/Troll_Cinema/s tatus/853170206826528768 ,neutral
Now that #CSK entry is being talked upon lets discuss which players we want to make it to the team. Your playing 11 pls. @ChennaiIPL #Dhoni,neutral
Varom vachu paarunga .. #CSK https:// twitter.com/Troll_Cinema/s tatus/853170206826528768 ,neutral
Kids Like #RCB Mens Like #MI Legends like #CSK #CSK #WhistlePodu ,neutral
#Theribaby #CSK #cskreturns pic.twitter.com/fl1wK0wnto,neutral
#CSK #BoysRBack #Chennaisuperkings #msdhoni @msdhoni @MSDhonifansclub @ChennaiIPL #IPL2018 #IPL11 @ashwinravi99 pic.twitter.com/zFKIPuKICl,neutral
  28  .. #CSK daa,neutral
R u a @chennaiIPL fan #whistlepodu #CSK #Msdian,neutral
@Bazmccullum well said bro..love from puri ,positive
Best anthem for an ipl team till now ! #whistlePodu #csk #chennaisuperkings #miss_u_CSK  https://www. instagram.com/p/BS7_eEEgZD0/,positive
ThankU Bazz Really Cudn't Xpress Tis Emotional Connect #CSK -ians Waitin To See U In Yellow's #RCBvRPS #MSDhoni @msdhoni @ChennaiIPL https:// twitter.com/Bazmccullum/st atus/853258275571154945 ,positive
#Csk        ????,neutral
#CSK #westandbydhoni #boycottsnapchat #Dhoni pic.twitter.com/XeHBg2PUbS,neutral
#CSK NERUPPUDA KABALI VERSION LIKE OUR PAGE FOR MORE CRICKET UPDATES................. Courtesy Youtube Link: https:// goo.gl/j5uugG,positive
Appatlo #CSK ... Ippudu #RPS . The answer is clear https:// twitter.com/AndhraRowdy/st atus/852858795890008064 ,positive
@SonySIX @Bazmccullum @ImRaina #ipl @ashwinravi99 @msdhoni @imjadeja @faf1307 @SPFleming7 @DJBravo47 @ChennaiIPL #CSK #TrueFan #BestClubTeam pic.twitter.com/SKuKjaP9ZM,neutral
#CSK #Whistlepodu https:// twitter.com/Bazmccullum/st atus/853258275571154945 ,neutral
@ChennaiIPL #MSD @msdhoni The lion king must return back to its Den #CSK very soon... pic.twitter.com/gRegMCcWiH,positive
Can't wait @ChennaiIPL #CSK https:// twitter.com/mudichavikki/s tatus/853272043298725888 ,neutral
There was many stars in csk but they confirmed only ms for 2018 #msdian #csk #ipl #msdhoni,positive
@JontyRhodes8 Agree? @ImRaina Waiting for your grand comeback to @ChennaiIPL and Team India very soon. #CSK #Raina pic.twitter.com/uJghCmVMaR,positive
tha varaom daaaaaaaaa #CSK #whistlepotu http:// fb.me/8FowB8WTj,neutral
Other teams just can't beat this team & this #CSK song. Madly waiting for @ChennaiIPL @msdhoni #MSDhoni #Chennaisuperkings #IPL #IPL2017 https:// twitter.com/mudichavikki/s tatus/853272043298725888 ,negative
I support #CSK but if you say Dhoni was the only reason for the csk's victory that i won't accept that... and I'm not Dhoni hater,neutral
pic.twitter.com/ezXLpTh1TX #CSK not in #Ipl but it's a 1ly team trending worldwide in soclmedia thn other it shows Powerof #CSK & #MSD fanbase,negative
next year therika vidurom #CSK the king of IPL.,neutral
Bazzz!! Can't wait to see u back in yellow. Can't wait for #CSK to be back! One team,neutral
Bad news for #MI As the Lions muccullum & Dwyane Smith are leading the team as openers like they use to do for #csk Time for ROAR,negative
#CSK The Family https:// twitter.com/Bazmccullum/st atus/853258275571154945 ,neutral
#CSK lost interest in IPL for the past 2 years... Will be resurrected from next year... #welcomebackCSK,negative
#CSK should be allowed to take back 4 overseas and 4 Indian players back :/ !!,neutral
Virender Sehwag speaks about MS Dhoni! #msdhoni #ipl #csk #IPL2017 pic.twitter.com/V30BqCSYBv,neutral
Dhoni in #RPS is like jeevanandanam But dhoni in #CSK is like karthisesan #Vijay @ChennaiIPL @Cricprabhu #WhistlePodu #westandbydhoni,neutral
@ChennaiIPL 2 years since we saw you,neutral
verithanama waiting!!! #CSK #cskreturns https:// twitter.com/mudichavikki/s tatus/853272043298725888 ,neutral
#IPL without #CSK is just a formality We will rule 2018 edition... #CSKian4life #westandbydhoni Varrroom... thookkurom...,neutral
Coming back with great power next year2018 #CSK #DHONI #IPL https:// twitter.com/mudichavikki/s tatus/853272043298725888 ,positive
#CSK is not only chennai team . itz a Chennai's pride #waitingforCSKcomeBack .,neutral
#ipl #IPL2017 #RCB #KKR #GL #MI #DD #RPSG #SRH #KXIP Miss #CSK Which is your favourite team ? pic.twitter.com/DzQhKr7CKb,neutral
#csk,neutral
Shame on you Rahul you support a banned team #csk,neutral
   #IPL     ,neutral
See you soon #csk #Ipl #IPL2018 #msdhoni pic.twitter.com/1106OJKL27,neutral
Waiting for 2018... #csk #whistlepodu http:// fb.me/21S9tVXZN,neutral
@msdhoni waiting 4 to come back as captain of #csk for next year ur fan will Support u and be with u all the time,neutral
I don't understand tamil! But,neutral
#CSK Takkaru Takkaru version Sema @ChennaiIPL pic.twitter.com/7K759YLeq6,neutral
@ChennaiIPL What about the retaining of players... Plss tell about that. @msdhoni will back Wat abt @ImRaina Raina vs #CSK Can't Imagine pic.twitter.com/SZuecx9zCQ,neutral
i want chennai back in ipl the ipl is quite boring without #CSK,negative
@virendersehwag Thanks for your support for @msdhoni . Like you,positive
I want this same team to play for @ChennaiIPL next year! Please!! #csk https:// twitter.com/bazmccullum/st atus/853258275571154945 ,neutral
#csk https://www. instagram.com/p/BS7wmSAAQli/,neutral
Orey the feelings coming. #CSK @ridxb https:// twitter.com/russcsk/status /853010781457104898 ,neutral
Kohli failed in recent Test series against Aus. - Normal day. Dhoni fails to hit a six - Dhoni should retire. #westandbydhoni #MSD #CSK pic.twitter.com/hMI5cIMgpi,negative
I think #dropedhoni is paid trends by #RPS owner,neutral
CSK was more than a team. It was a family. I hate to see Raina and Bravo and Jadeja playing in diff colors. #BleedYellow #SummerOf18 #CSK,negative
2018: Ravi Shastri - "CSK Captain will spin the toss coin. MS wins the toss and selects bowling" #westandbydhoni #VIVOIPL #CSK,positive
#CSK DAAAA https:// twitter.com/TrollSuperstar s/status/853242621447327744 ,neutral
#DidYouKnow @DJBravo47 holds the record for taking most wickets in an @IPL - Indian Premier League season - 32 #IPL #IPL10 #IPL2017 #CSK #GL pic.twitter.com/MNK4yTgSC0,positive
@ChennaiIPL miss u #csk for two years come back with a mass team players,neutral
@ImRaina you're going to play which franchise next year ........... #csk is back,neutral
@msdhoni #westandbydhoni I'm proud 2 be a fan of#MSD V support u forever U need nt concern tz IPL V need u as a caption of #csk forever pic.twitter.com/u5GFrC4S58,positive
Every match day is like 'Call me when @msdhoni comes to bat' #WeSupportDhoni #DhoniIsStillMyCaptain @SaakshiSRawat waiting for #csk,neutral
#MSDhoni was insulted by #RPSG Co-owner. mind it 1st,neutral
Waiting for #CSK 2.0..,neutral
Aee loo ... #MSdians #CSK vaapas aarahi hai Kids support #RPS Men support #GL But Legends Support CSK I am #CSKian #RPS -Naji ab CSK pic.twitter.com/ksSSWzQoI9,neutral
             . #CSK,neutral
haters Wait and Watch #csk #comingsoon #WeStandWithDhoni,neutral
Big Baz misses #CSK I guess. https:// twitter.com/bazmccullum/st atus/853258275571154945 ,neutral
Don't play a team like disrespecting ownership team #RPS paaji @msdhoni next year u will be #CSK #Whistle poodu @Whistlepodu4Csk,neutral
I assure that thala @msdhoni will back to form soon ... Don't blame him ...Even @sachin_rt paaji also out of form some series ..Come to #CSK,neutral
#SummerOf18 I Want 6 Players In my Official #CSK Team In Next Year Auction 1 Dhoni 2 Raina 3 Ashwin 4 DuPlessis 5 Bravo 6 Jaddu #IPL,neutral
Instead Of Removing #CSK & #RR From #IPL They Should Have Removed #RCB & #KXIP As Anyway They're Choking And Will... http:// fb.me/1kdokLARp,neutral
CSK dawwwww #csk #ipl #http:// fb.me/7BkIJAccT,neutral
#csk #we_will_back_for_our_trophi . CSK antem ............... https://www. instagram.com/p/BS7egLYji28/,neutral
@SirJadejaaaa #westandbydhoni #CSK #RPS #GL pic.twitter.com/Nt84obkwRT,neutral
Raina bhai aap jaisa fielder kabhi nhi dekha maine..ab aapki woh CSK wali batting dekhni hai.. #CSK vs KXIIP,neutral
#westandbydhoni i am not a fan of winning DHONI ,positive
Chennai Super Kings is back! Music to the ears. Namma Thalla Dhoni #Chennaisuperkings #ipl2018 #dhoni #csk,positive
India wants #CSK & #RR team with old teammates @BCCI @IPL,positive
Smith a better captain than Dhoni? Why aren't they on top of the table. #ThalaDa #Dhoni #CSK,positive
#Dhonidropped dhoni is bst player,neutral
This thing is Going to make my Day. #thala is Back with #CSK and the best part is he is Captain! #goodolddays #Whistlepodu @ChennaiIPL pic.twitter.com/73fOXV0hck,positive
Do you listen to news @hvgoenka here's the thing Thala @msdhoni is Back as #CSK Captain. So you can take back your Shitty team #RPS,neutral
Don't underestimate the power of King #MSDhoni ,neutral
#Bazz #Ash #Faf #Jadd #Raina #Bravo under #MSD in #CSK http:// fb.me/6fFkdFjcU,neutral
    ,neutral
#Gettha varom 2k18 #CSK #Whistlepodu pic.twitter.com/mWcHQHisMt,neutral
Welcome back 2k18 @msdhoni @imjadeja @ashwinravi99 @ImRaina we are waiting for watching you with yellow Jersey #CSK pic.twitter.com/wrWapSJvKg,positive
It Wud Be Great To See Many In Yellow's To Show Our Support For #CSK in #RCBvRPS At B'lore. #MSDhoni @ChennaiIPL @RPSupergiants @SirJadeja pic.twitter.com/JCRqUkSgfr,positive
If He ( @RPSupergiants ) Doesn't Respect Me,neutral
RIP @RPSupergiants .. and owner .. #Thala @msdhoni entry n #Csk ..!!,neutral
#csk #Chennai #IPL2017 https:// twitter.com/bazmccullum/st atus/853258275571154945 ,neutral
So,neutral
#CSK http:// fb.me/8Cc6ICRlH,neutral
#Welcome_Back #CSK by @Kathirjetayu https:// twitter.com/i/moments/8533 26294423031808 ,positive
This post made my day @Bazmccullum @ChennaiIPL #cskreturns #cskforever #csk https:// twitter.com/Bazmccullum/st atus/853258275571154945 ,neutral
#CSK forever... https:// twitter.com/Bazmccullum/st atus/853258275571154945 ,neutral
Lion dont need any proof to prove he is the king,neutral
Goose  #csk #IPL2017 #dhoni pic.twitter.com/pM8DMZXUHU,neutral
Vandhutenu Sollu Thirumbi vandhutenu. 2016 la epdi poneno apdiye vandhutenu sollu #CSK #Msd #Tamizan  celebrating CSK's comeback,neutral
Its been very hard for us missing u guys...just a year to get away Baz hope u ll join with us again..Love from #csk,negative
Dhoni daaaaaa #CSK https:// twitter.com/ramesheroic/st atus/852138480259837953 ,neutral
It's been very hard for us missin u.But We r waiting Baz just a year to get into bloody good team #csk ..Do well this season from #chennaite https:// twitter.com/Bazmccullum/st atus/853258275571154945 ,negative
When #CSK come to ground,neutral
#CSK https:// twitter.com/Bazmccullum/st atus/853258275571154945 ,neutral
#harshGoenka #csk #Dhoni pic.twitter.com/3vmQFsBUof,neutral
#Dhoniii #Dhoniiiii #Dhoniiiiiiii #CSK http:// fb.me/6N5JFRW3g,neutral
That bond! That #CSK bond though It's not just a team it's a family! This proves it @ChennaiIPL #missyou #Whistlepodu @msdhoni @russcsk https:// twitter.com/Bazmccullum/st atus/853258275571154945 ,positive
2. The Conclusion will be released in 2018 IPL in #CSK team. #lol,positive
#CSK kku whistle podu #ipl #IPL2018 pic.twitter.com/Bp5bUfj4B6,neutral
Wishing for new memories! #CSK 2018! https:// twitter.com/russcsk/status /853010781457104898 ,positive
Wish to c diff walks come together again! #CSK https:// twitter.com/Bazmccullum/st atus/853258275571154945 ,neutral
@rishika2101 @ChennaiIPL please come back in #SummerOf18 with the same bloody best team #YellowArmy #CSK,positive
Dont make my eyes wet bro @russcsk i want this team back in 2018 I love tou guys Will this happen ???? #csk csk csk,positive
Dont make my eyes wet bro @russcsk i want this team back in 2018 I love tou guys Will this happen ???? #csk csk csk,positive
Kids can enjoy this year. Because from 2018 whole India will turn into YELLOW SEA @ChennaiIPL @msdhoni #csk ;reason to watch IPL #CSKian pic.twitter.com/8BAeRo8l7X,positive
This dressing room #WeAreFuckinChennai #CSK pic.twitter.com/BwnB9bzzwU,neutral
Did any other player who went to other team ever tweeted like this with such kinda fondness #CSK for the reason https:// twitter.com/Bazmccullum/st atus/853258275571154945 ,negative
#CSK #Thala pic.twitter.com/AU1bHtJX10,neutral
Hope the same group pic wil capture in yellowish next year... Missing sadly. Waiting Madly #CSK,negative
Wish you good luck Mahi bhai @msdhoni we are with you on every moments... Tomorrow chinnaswamy is yours... Rock on... #CSK @SaakshiSRawat,positive
#csk would love to watch the comeback of csk in ipl bro,positive
#BCCI Confirms that #CSK will be Back Next Year with #MS_Dhoni as Captain #Thala,neutral
I always missed #csk . Now I miss #Arsenal .,neutral
#bcci announced #csk will be in #IPL2018 under #msd captaincy @russcsk @russcsk #Whistlepodu  https://www. instagram.com/p/BS6cTysgRrB/,neutral
Take a last smile now kids...Next year Boss is Back #CSK #msdhoni pic.twitter.com/opsAk7scSj,positive
#Csk come soon we miss you alot,neutral
  ,neutral
#csk !! #SummerOf18 https:// twitter.com/Bazmccullum/st atus/853258275571154945 ,neutral
  ,neutral
time to close the shutter #RPS #csk is back and no more @hvgoenka,negative
One year Back Cilkzz We Really Miss U Guys #csk pic.twitter.com/lKASlZXE8a,positive
@Abhilasha97 @FarziCricketer #IPL2018 #csk pic.twitter.com/4zjQDH50Gi,neutral
See you soon #csk #Ipl #IPL2018 #msdhoni pic.twitter.com/Mcip68GYcV,neutral
@ImRaina @SirJadeja we had a huge respect for u guys..bt u jus destroyed it by doing this Thala @msdhoni is our captain forever.. #CSK pic.twitter.com/p5i6rZU2PO,positive
next year our family will be together once again.. #CSK,neutral
a team is a reflection of its leadership. #CSK #MSDforLife pic.twitter.com/jEdfLqzvAj,neutral
#MsDhoni & #CSK for life :') @ChennaiIPL pic.twitter.com/9DLZd23RlU,neutral
We need you back in YELLOW Jersey #csk #WaitingForCSK,neutral
#Whistlepodu Time - @BCCI all set to welcome Chennai Super Kings #CSK #IPL #DDvKXIP #KKRvSRH http:// chennaionline.com/article/whistl epodu-make-way-csk-bcci-all-set-welcome-chennai-super-kings  pic.twitter.com/oRczEWlTIo,positive
1000 Likes <3 Love FOR #csk !! https:// twitter.com/MSDIAN7/status /852933128607850496 ,positive
        #CSK  ,neutral
We are bloody ...ing #csk,negative
  ,neutral
Make d way for #csk ... https:// twitter.com/russcsk/status /853010781457104898 ,neutral
The best team of IPL is set to enter #CSK @ChennaiIPL @SirJadeja @msdhoni @ImRaina #IPL pic.twitter.com/JOw8hjrz37,positive
@Bazmccullum We want u to play for csk next year. #waiting #IPL2018 #csk,neutral
pure Maas team in IPL #CSK @ChennaiIPL @msdhoni @ImRaina @Bazmccullum @faf1307 @imjadeja @ashwinravi99 @DJBravo47,positive
Grt nws,neutral
#csk #IPL2017 #Dhoni https:// twitter.com/bazmccullum/st atus/853258275571154945 ,neutral
Just one sentence is that #Csk is family,neutral
#csk #RPS #GL #IPL2017 #dhoni #raina #Jadeja pic.twitter.com/74a9ddd5SS,neutral
14th match is over. 46 to go for #csk to return #ipl @ChennaiIPL,neutral
Yes #CSK,neutral
It really Hurts for a CSKan when our boys facing each other in a battle . #csk #cskforever @ChennaiIPL @msdhoni @ImRaina @imjadeja,positive
Intha naal kaga marana waiting!!! #chepauk #csk #ipl2018 #dhoni pic.twitter.com/9U8lHYOOSe,neutral
#missing #CSK Coming next year @msdhoni . @rahulkeshriyar @mahi7781_ msdhoni.fc https://www. instagram.com/p/BRsU5nDBexU/,negative
#Csk #Whistlepodu https:// twitter.com/russcsk/status /853010781457104898 ,neutral
Yes Brendon we miss all of you in yellow... Hopefully next year we will see #CSK back into action. They will back with a bang,positive
The Picture describe you everything #CSK #westandbydhoni @msdhoni @ashwinravi99 @ImRaina @DJBravo47 ..Next year is Ours pic.twitter.com/11wZjDujZe,neutral
#CSK #Dhoni #Raina #CSK2018 https:// twitter.com/russcsk/status /853010781457104898 ,neutral
Theri Mass #CSK,neutral
 Edting Next Year #CSK    #CSK2018 https:// twitter.com/skycinemas/sta tus/852905440329555968 ,neutral
@ashwinravi99 Thala !! Next IPL edition gethu katrom.. u in field we in stands! #2k18ipl #csk,neutral
News about #csk coming back under #dhoni captaincy is doing rounds. Vandha nalla thaan irukum,neutral
Get Ready Folks We are Almost there!! #CSK #msdhoni @msdhoni pic.twitter.com/Hz3KO3Coj1,positive
Girl : Papa ,neutral
Chennai Super Kings and Rajasthan Royals are set to return IPL - Indian Premier League. #CSK #RR #IPL10,positive
#CSK never played last two IPL,neutral
De boys are back.. #CSK #IPL2018 #WhistlePodu http:// fb.me/2Tzp4l8nA,neutral
Chennai Super Kings And #Rajasthan Royals Are Set ... - http:// wp.me/p8fbqY-1PC #wikileaksindia #wikileaks #Bcci #ChennaiSuperKings #Csk pic.twitter.com/MALVrWpNWC,positive
42 Needed From 12 Balls.... Call #CSK s #AlbieMorkel To Do It.. #ipl,neutral
#NewProfilePic MSD Forever #CSK pic.twitter.com/7NhzvjZ1M5,neutral
Am i the only one who Waiting for ipls ending #csk https://www. instagram.com/p/BS6GzM5la10/,neutral
Yuvi on song,neutral
Once upon a time! #MSD #CSK #Memories #MIB http:// fb.me/81np8Pkav,neutral
@hvgoenka .It's just a matter of time . Let's see where u and ur team will be in 2018 IPL. Because the boss will be returning. #csk #msd07 https:// twitter.com/itsSSR/status/ 853234700457918466 ,neutral
WTF?? #Dhonidropped Saar.. you come back to your own home.. #CSK @msdhoni,positive
When reel Dhoni comes out to bowl bouncers on real dhoni haters..! #msdhoni #csk #ipl2017 #ipl #westandbydhoni https:// twitter.com/itsSSR/status/ 853234700457918466 ,positive
#CSK reunion come soon #SummerOf2018 https:// twitter.com/russcsk/status /853010781457104898 ,neutral
See you soon all back together #CSK,neutral
#Whistlepodu Time - BCCI all set to welcome #ChennaiSuperKings #CSK @ChennaiSuperK10 https:// goo.gl/SsPG1l pic.twitter.com/lOOVBmUStX,positive
#Whistlepodu Time - BCCI all set to welcome #ChennaiSuperKings #CSK Chennaisuperkings M.S.Dhoni Dhoni Army Tamil... http:// fb.me/4IUV6I6EK,positive
Eager to watch them in yellow #CSK,neutral
#westandbydhoni @msdhoni "Form is temporary Class is permanent" Waiting to see u in yellow jersey #CSK,neutral
#CSK pic.twitter.com/DNNO8MGEgG,neutral
#IPL #CSK http:// fb.me/2Tan3ko99,neutral
Share If you are missing CSK !! #CSK #WhistlePodu #RPS #GL https://www. instagram.com/p/BS58KccBI85/,negative
Dhoni ,neutral
#BCCI to #welcome #csk and #RR royals #ipl #iplt20 #whistlepodu #hallabol more at iplsndotcom pic.twitter.com/3kalcgYSar,positive
mark his words haters.. nd go die in shame!! #msdhoni #westandbydhoni #csk #IPL https:// twitter.com/BrokenCricket/ status/853161593474998273 ,neutral
@msdhoni @ImRaina @imjadeja Being a #Csk fan it Hurts really Hurts pic.twitter.com/MhKzqmOnbi,positive
Resurrection awaits! The lion has had enough sleep to prowl and hunt down #csk,negative
Retweeted Sir Ravindra Jadeja ( @SirJadeja ): #Dhoni Bhai Next #IPL Me #CSK Se Nikaaloge To Nhi Na. Galti Ho... http:// fb.me/8Xc1SZZxM,neutral
#CSK waiting for #IPL11 pic.twitter.com/I0Tv4vWXCl,neutral
#Thala @msdhoni back to #Csk #cskforever @SaakshiSRawat @ImRaina @hvgoenka be ready to Face #Csk in #IPL2018 #BleedYellow @ChennaiIPL pic.twitter.com/1q8Il7TBG0,positive
#CSK #whistleswillbeback https://www. instagram.com/p/BS52GXkDOTn/,neutral
#MSD #CSK http:// fb.me/7ZDAd1avu,neutral
@ChennaiIPL Squad Goals #SummersOf18 cant wait to Roar Together #WhistlePodu #IPL #CSK pic.twitter.com/Sh7mc34lqs,neutral
Nacho BC.. #csk https:// twitter.com/Whistlepodu4Cs k/status/853099731676831744 ,neutral
DHONI,neutral
#CSK  8 facts for 8 years of #consistency http:// fb.me/2YrJwayjR,neutral
Congratulations @ImRaina bro. Waiting for you to see in #YellowJersey . Come soon bro. #CSK #2018 @ChennaiIPL pic.twitter.com/t0LiQprWto,neutral
#csk https:// twitter.com/bhogleharsha/s tatus/852922699936563202 ,neutral
Chyba mj kulturalny plan na dzisiaj :) Wystawa #streetart @#CSK #Lublin w tym #Banksy :) pic.twitter.com/YYRvRprWw4,neutral
      .. #CSK #dhoni #backtohome #whistlepodu #7,neutral
Is bar fir pune gyi #dhoni sir ap ise mt rokna sb har jane do..app mt kheliye agle sal apna team to ai rha hai #csk .i love u dhoni sir https:// twitter.com/SirJadeja/stat us/851864457911336960 ,positive
I miss them! CSK will come back Stronger next year! #WhistlePodu #CSK #OurPrideitsCSK,neutral
#msdhoni #jilla #csk #ipl #thala #Thalapathy pic.twitter.com/3iZNTXalDA,neutral
@msdhoni Go back to ur fixing #CSK team. Never played by heart for #RPS #Punekar,neutral
#csk #msdhoni #ipl #rpsvsgl pic.twitter.com/7RwRErFDwA,neutral
None of the team I m supporting this year... Waiting for the comeback of #csk,positive
#CSK will be back. Re-entry.,neutral
#IPL2017 #csk #rps #MotoRPS #msdhoni #mahi #hvgoenka @hvgoenka pic.twitter.com/vo9yotm9v4,neutral
Waiting for Chennai Super Kings #CSK #WhistlePodu @ChennaiIPL & @rajasthanroyals 1 Year More !! #IPL @IPL #WeStandByDhoni,positive
@msdhoni we aren't at all worried about the talks or Form.just worried of you being less happier.that's not gonna last #CSK #westandbydhoni,negative
We know why Jadeja did this,neutral
A King doesn't fight. he directs his army to fight according to their weakness. #csk #SakshiDhoni #dhoni #Chennaisuperkings #IPL2017 #IPL2018 pic.twitter.com/0IpjCh1fb1,neutral
#CSK #Dhoni #back http:// fb.me/66TW22JLY,neutral
#BCCI confirms that #CSK will be back next year !!!! #IPL11 #IPL2018 pic.twitter.com/eg3z70ljLF,neutral
@ChennaiIPL #CSK We are Back! Lions Roaring Enga Thala @msdhoni ku periya whistle adinga!,neutral
#CSK will be back with a BANG #csk #whistlepodu http:// fb.me/1n14b6SqF,neutral
#CSK  8 facts for 8 years of #consistency #InsideSport Chennai Super Kings CSKian MS Dhoni Ms dhoni is best... http:// fb.me/8K4IOdd2q,positive
#CSK  8 facts for 8 years of #consistency @IPL @ChennaiIPL @msdhoni @BCCI @ICC https://www. insidesport.co/csk-8-facts-8- years-consistency/ ,neutral
Return of Chennai franchise in IPL would most likely mean Dhoni heading back to his old team where he led them to two titles - Z NEWS #CSK pic.twitter.com/BqFz5Fj3jV,positive
Fuck em all, I leave em dead. #CSK #CornerHitRecords #onsomeshit pic.twitter.com/De3tL2ltwn,negative
CSK fans in stadium #cskforever #csk !! @ChennaiIPL @msdhoni #Mahi #Mahiway !! pic.twitter.com/Tc142psDEX,neutral
congratulation for opening the account in point table...i can see #csk shadow in Gujarat lion... Well done captain...,neutral
Next year...They are coming! @ChennaiIPL Whistle Podu! #CSK #Chennaisuperkings #IPL11 #IPL2018 pic.twitter.com/zO2yedIhSa,neutral
First Target Entertainers Than !!! #IPL #CSK !!! pic.twitter.com/1qa38qDCNv,positive
Best news of my life #welcomebackcsk #mahibackinyellow @msdhoni #msdhoni #ipl #csk #ipl11 #ipl2018 pic.twitter.com/JQeKoPsiZj,positive
IPL2018 #CSK pic.twitter.com/uZ4ggsHfd9,neutral
We know why Jadeja did this,neutral
#LEGEND #MSDhoni Love U #MSD #CSK #TeamIndia @msdhoni @SaakshiSRawat @ChennaiIPL @msdfansofficial Hahahahahaha @hvgoenka @RPSupergiants pic.twitter.com/G1ZIcA5Jo3,positive
#__  ... .!!!! Come back #CSK,neutral
#csk is back #Whistlepodu #csk https:// m.facebook.com/story.php?stor y_fbid=345756072494052&id=338260496576943  pic.twitter.com/62w0F9BpOm,neutral
If They Can't Support You At Your Bad,negative
To All other Teams out there !! #CSK @ChennaiIPL pic.twitter.com/1hdV7IR3Ac,negative
BCCI confirms that #CSK will be back next year with #MSDhoni as lead #official #AaduravanAadikko #AduththaVarusamOdippo,neutral
pls come back #csk with same team @ msdhoni,neutral
#CSK IPL11-REALITY pic.twitter.com/1ZKbV1p4In,neutral
This pic has given me the best news ever. Damn excited to see our Thala @msdhoni back in yellow jersey @ChennaiIPL #csk #dhoni pic.twitter.com/XlighLEjNG,positive
Dnt worry you wont get such pics next year MSD will be back to #CSK #msdian then your Goenka will know his value https:// twitter.com/RPSupergiants/ status/853118270387474432 ,neutral
FC Rostov have had at least one side failing to score in their last eight away matches BTTS 1.57 #CSK #FC #betcart,negative
CSKA M. have won their last six home matches against FC Rostov #CSK #FC #betcart,neutral
#msdhoni will have the Last Laugh,positive
Same feeling for us when ppl lyk you comment on #Dhoni or #CSK #Kukkaedupu #Dhoni ante bayam vellaki,neutral
#csk and #msd will be back in 2k18 https://www. instagram.com/p/BS5a5PihafK/,neutral
#CSK http:// fb.me/1bBAGklJt,neutral
Dhoni Wicket Celebrate pannalana apram dhoni ku enna mariyadhai #CSK cota ache pic.twitter.com/NWIeodorTH,neutral
Ithu thaan unga level Muditu orama poi kundunga da #CSK #MSDhoni pic.twitter.com/ZpNUX6miVd,neutral
#Csk pic.twitter.com/WCdTWrc4hm,neutral
Its jst tym which changes the circumstances #dhoni sir u r proud of Indians and I m lucky to be born to see #legend waiting #2018 #csk pic.twitter.com/GI8qcCgIR9,positive
BCC confirms that #CSK will be back #Next_Year with #Thala #MSD as #Lead Apdye adhye #Team kudutha ammogama... http:// fb.me/1osHvORTE,neutral
@ChennaiIPL Enough is Enough,neutral
#ipl #ipl2018 #csk #msdhoni pic.twitter.com/Ubg7wOspVI,neutral
@ImRaina champ your celebration & attitude remains same...!!! #India #csk #GujaratLions @BCCI @ChennaiIPL @TheGujaratLions #sureshraina pic.twitter.com/zoLaZfLHUj,neutral
What's abuzz this #IPL - the fact that next year will see #CSK back,neutral
MSD #india #cricketwireless #cricket #csk #rps #ipl10 #ipl #sachin #igers https://www. instagram.com/p/BS5aJUwDH_V/,neutral
Podra Vediya! Next year when we walk in I'm sure the world would shatter by the noise made by fans of #CSK https:// twitter.com/benz_mani/stat us/853131705137348608 ,positive
Waiting for Chennai Super Kings & Rajasthan Royals !! #CSK #WhistlePodu @ChennaiIPL @rajasthanroyals #RR 1 Year More !! #IPL @IPL,positive
#IPL without my team #CSK feel not so interest https:// twitter.com/prabhjotgill31 /status/852838526907535360 ,neutral
#CSK 2.0 @chennai & #Thala #Dhoni @msdhoni Will Be Back Next Year @ashwinravi99 @ImRaina @imjadeja @ChennaiIPL @BCCI pic.twitter.com/RaJ4gpDLji,neutral
#CSK #MSDhoni #IPL pic.twitter.com/3mwjlkAUWr,neutral
without #CSK ,neutral
#RespectDhoni #WeStandByDhoni #CSK will be back with a bang with his king #CSKFOREVER,neutral
we will bounce back and roar more powerfully!! Waiting for 2k17... #CSK forever #WhistlePodu,positive
#IPL2017 Its official #CSK King will be back to Roar on #2k18 #IPL11,neutral
#BCCI confirms - #Csk will be Back in #Ipl2018 with the Former Captain @msdhoni who led the team pic.twitter.com/KP8lTdgXFS,neutral
can't wait to see you playing for #csk under mahi bhai,neutral
#respectDhoni #csk we rock next year ipl,neutral
The Chennai Super Kings Are Back #IPL2018 #CSK @ChennaiIPL @msdhoni Beware All Other #IPLTeams ,positive
Ironically,neutral
It's #CSK year 2018 #Brace Yourselves #IPLT20 #WhistlePodu http:// fb.me/aOsnaQbsu,neutral
#CSK Reunion 2017: #msdhoni #sureshraina #jaddu #ipl pic.twitter.com/HlSDcQs6C7,neutral
Win or Lose..Hit or Out..We Mahi.Just bad form,positive
#csk #westandbydhoni Jz one yr,neutral
Great news out from #Bcci confirmed that Csk will back with bang and MSD will lead the side #CSk #returnofpride #yellowarmy pic.twitter.com/o0JTYEsmVW,positive
#CSK https:// twitter.com/AssaulttSethu/ status/853104511224885249 ,neutral
#CSK 2.0 @chennai & #Thala #Dhoni @msdhoni Will Be Back Next Year pic.twitter.com/Q9vKT1eANM,neutral
#WeStandByDhoni #CSK Dhoni need not prove himself again now !! He'll definitely play like he had been before Thala waiting for CSK !!,neutral
Waiting For 2018 to hear Lion's @msdhoni Roar #csk pic.twitter.com/9UYWFxnfHs,neutral
#CSK vs #MI 22M - 10W - 12L #RCB 19M - 12 W - 7L #KKR 16M - 10W - 6L #KX1P 16M - 9W - 5L #DD 16M - 12W - 4L #RR 16M - 10W -6L #SRH 6 - 4 - 2,neutral
#CSK Get ready to witness the damage #CSKbeginstoRoar pic.twitter.com/WDyWThEXPN,positive
#westandbydhoni I will see you next year captain of #CSK .,neutral
WeStandByDhoni #WeStandByDhoni #CSK,neutral
#westandbydhoni I wish #RPS get kicked out of IPL,neutral
Both #SamuelBadree and #AndrewTye were a part of #csk @SPFleming7 Your team selection for #csk was Amazing but why are you screwing #RPS https:// twitter.com/BrokenCricket/ status/853124412265988097 ,positive
Boys are back #CSK pic.twitter.com/eb4CfBX3Iv,neutral
We are great fans Dhoni Fans #CSK https:// twitter.com/DHONIism/statu s/853083336276922368 ,positive
#1YearToGo #CSK https://www. instagram.com/p/BS5Rjf_Df8A/,neutral
#CSK,neutral
adhuta varusham onna irupanga #CSK,neutral
Great News!! BCCI confirmed #CSK will be back in 2018 with MSD captaincy,positive
Remember #CSK didn't play this guy even a single match. https:// twitter.com/WisdenIndia/st atus/853119692705153025 ,negative
#CSK https:// twitter.com/bhogleharsha/s tatus/852922699936563202 ,neutral
#welcome #back #csk #2018 2 times IPL Champions,positive
Awesome News!! Msdians & cskians!! #csk #msdhoni #ipl #Chennaisuperkings pic.twitter.com/8x98qTLT2A,positive
#BCCI confirms #CSK will be back next year with Thala #Dhoni as Captain #Official,neutral
#BCCI to welcome back #CSK after the 2017 edition of ipl .. great news for #MSDians,positive
#RPS doesn't deserve player like @msdhoni and @ajinkyarahane88 . They are legends. Waiting for IPL11 when they play #CSK & #RR respectively.,neutral
Csk Vandhutanga nu Sollu... Thirumbi Vandhutanga nu Sollu ... #CSK daww http:// fb.me/6Ce0IGSSO,neutral
    #CSK #Chennaisuperkings #Whistlepodu,neutral
2018 please come soon. The wait is killing !!!!!!! Eagerly waiting to see @msdhoni in @ChennaiIPL Jersey. . #CSK #MSDhoni #Whistlepodu,neutral
#NewProfilePic #csk da pic.twitter.com/ycGnknZ78l,neutral
             . #CSK,neutral
God damn waiting for #csk #VIVOIPL,neutral
#Bcci Confirms That #csk Is Back In Next with #Dhonni As A Caption pic.twitter.com/7iDxXDOJuL,neutral
        . #CSK Back #IPL2017 #Dhoni http:// vilaiyattu.com/home/team/indi a/%E0%AE%AE%E0%AF%80%E0%AE%A3%E0%AF%8D%E0%AE%9F%E0%AF%81%E0%AE%AE%E0%AF%8D-%E0%AE%90%E0%AE%AA%E0%AE%BF%E0%AE%8E%E0%AE%B2%E0%AF%8D-%E0%AE%87%E0%AE%B2%E0%AF%8D-%E0%AE%85%E0%AE%9F%E0%AF%81%E0%AE%A4/ ,neutral
Ini therinja yedhirikum alluuu.. adhigamaaa irukanum.. Varlaam Varlaam vaa Varlaam vaa.. #CSK http:// fb.me/2UQPv44qq,neutral
#CSK          . CSK_Lovers #IPL,neutral
#BCCI announced #CSK will be in #IPL2018 under #MSD captaincy @ChennaiIPL #Whistlepodu @msdhoni #ChennaiSuperKings ku periya whistle adigaa pic.twitter.com/yPO4afrX6m,neutral
Good News... BCCI set to welcome CSK in IPL 11... MSD will lead the Team #csk #whistlepodu #whistleswillbeback http:// fb.me/3hl2WaTdd,positive
13th match is over. 47 to go for #csk to return #ipl @ChennaiIPL,neutral
#BCCI confirms #CSK will be back next year with Thala #Dhoni as Captain #Official #CSK2018 pic.twitter.com/ckEuREeUch,neutral
eagerly waiting for #csk promotions starting #IPL2017 finals,neutral
#CSK pic.twitter.com/c3RrvDdWRx,neutral
This pic chinna thala #SureshRaina #Thala #MSDhoni #Champion #DJBravo #CSK #IPL Miss you @ChennaiIPL pic.twitter.com/8sTVAYj74P,neutral
#CsK #Yohan http:// fb.me/7GU3roMst,neutral
    #BoysAreBack #CSK Thala @msdhoni As Lead pic.twitter.com/xliuABkhdk,neutral
msdhoni will join #csk after this season....!! #whistles are back!! http:// fb.me/2SlxsESUF,neutral
it will be the bangam entry #csk #luv you #mahi @msdhoni luv u #thalaiva,neutral
bcci sends the tender to csk franchise!! it's official #csk is back!! http:// fb.me/1gBGAzROl,neutral
Yesterday #CSK and #RR invited for the confirmation of media rights for 2018,neutral
Come back strongly in 2018 from #csk,positive
BCCI confirms that #CSK will be back next year with MS Dhoni as lead ! #Nee vaa #THALA ! #VaaromDaw,neutral
A #CSK Reunion https:// twitter.com/russcsk/status /853010781457104898 ,neutral
#terikkavidalama #csk is back http:// fb.me/3p058ziPu,neutral
http://www. cricafe.com/csk-rr-set-mak e-comeback-ipl-2018/  #csk is back #MSDhoni is back <3,neutral
#BCCI officially announced #CSK will be the part of #IPL2018 #ReturnOfKings #Whistlepodu #ChennaiSuperKings  https:// twitter.com/i/web/status/8 53102795007905792 ,neutral
#ReturnOfKings #Dhoni #CSK @msdhoni @ashwinravi99 pic.twitter.com/xmPDhyJf2q,neutral
#Boysareback2018 #Csk @ChennaiIPL,neutral
Boys are back #CSK pic.twitter.com/PbyhfHdEeC,neutral
#BCCI officially announced #CSK will be the part of #IPL2018 #ReturnOfKings #Whistlepodu #ChennaiSuperKings   ! pic.twitter.com/q0ks3H77we,neutral
#BCCI officially announced #CSK will be the part of #IPL2018 #ReturnOfKings #Whistlepodu #ChennaiSuperKings @msdhoni @ashwinravi99 #IPL pic.twitter.com/OQQQuQ79XY,neutral
#MSDhoni the Best. #IPL #IPL10 #CSK #VIVOIPL http:// ift.tt/2pl3peJ pic.twitter.com/tte5Svbdwn,positive
This! #csk #Raina #Dhoni https:// m.youtube.com/watch?feature= youtu.be&v=27TjLegAVCU ,neutral
#Csk varattum aprm irukku sila silra pasangala #Thatti_Thookidalam,neutral
Waiting for IPL 2018 Back with bang. @msdhoni #csk #Returns,neutral
#Csk 2018 waiting,neutral
#BCCI officially announced #CSK will be the part of #IPL2018 #ReturnOfKings #CSK #Whistlepodu #ChennaiSuperKings pic.twitter.com/yLfxOCOw2P,neutral
#CSK https:// twitter.com/bhogleharsha/s tatus/852922699936563202 ,neutral
@sreesanth36 @bhogleharsha @virendersehwag when #CSK &#RR are ready to make comeback next year,positive
thats the affection shown by the fans to csk all over india . #Whistlepodu #csk,neutral
Waiting for #ipl2018 .... waiting for #Csk ...,neutral
#CSK is back @ChennaiIPL #Dhoni http:// ln.is/indiatimes.com /9lkRz ,neutral
#MSDhoni #csk pic.twitter.com/Xv0h01h4Xy,neutral
#SummerOf18 @ChennaiIPL Hurrah.. I can start watching #Ipl again.. No #CSK No #IPL #Whistlepodu,neutral
No News Can Get Better Than Dis Thnk u @BCCI For this wonderful news @ChennaiIPL @msdhoni Champions will be back King Of Ipl #MSDhoni #CSK pic.twitter.com/OTmBdKeHZk,positive
BCCI confirms that CSK will be back next year with MS Dhoni as lead ! Waiting eh verify aavuthu #IPL2018 #CSK,neutral
https:// youtu.be/E7bFeJ12_IE hearts feel moments our #csk .We waiting my brotr @msdhoni Gangs. @ChennaiIPL @SaakshiSRawat @ImRaina @msdian_pritha pic.twitter.com/yDqwsbJWGK,neutral
#CSK and #RR all set to comeback on 2018. #msdhoni will come to #CSK #BCCI sources,neutral
Brace Yourself #IPL fans #CSK is coming. https:// twitter.com/DHONIism/statu s/853070811917365248 ,neutral
 .   . 2     #CSK    . #SummerOf18 pic.twitter.com/2ZJFTkCRZx,neutral
#CSK fans be like .... there is no one to separate us from @ChennaiIPL #ChennaiDa #AlwaysCSK pic.twitter.com/8TUQssPzPK,neutral
2 yrs back #csk at Cheapauk Chennai. http:// fb.me/3BX6AM6Xz,neutral
Wo @ChennaiIPL wali yaadein,neutral
#BCCI conformed that #csk will come back in next year 2018 with TeamLead *M.S.DHONI* #IPL2017 #IPL,neutral
waiting for #CSK Entry #Chinnathala,neutral
#BCCI confirms #CSK will be back next year with Thala #Dhoni as Captain #Official,neutral
corruption valla ban aina teams ki ee welcoming ento? #CSK #RR,neutral
#WeStandByDhoni may the hard times comes... @msdhoni don't be panic We are always with yoU.... MSDIANS be lyk always MSDIANS #CSK waiting4U,negative
RT if you are waiting for #CSK 's comeback,neutral
  #CSK pic.twitter.com/bmihy1wVw8,neutral
Reports suggests that #BCCI set to welcome #CSK and #RR when they release tender for media rights also #Dhoni might join CSK in next season.,positive
#CSK,neutral
#BCCI set to welcome #CSK .. #MSDhoni to join #CSK at the end of #IPL 2017..,positive
#BCCI confirms #CSK will be back next year with Thala #Dhoni as Captain #Official pic.twitter.com/Zf9lBgsyOZ,neutral
#BCCI confirms #CSK will be back next year with Thala #Dhoni as Captain #Official pic.twitter.com/mHpasNPftQ,neutral
#BCCI set to welcome #CSK .. @MSDhoni to join #CSK at the end of #IPL 2017.. https:// circleofcricket.co/2017/Apr/14/IP L-2017-BCCI-set-to-welcome-CSK-RR/  ,positive
#BCCI set to welcome #CSK .. #MSDhoni to join #CSK at the end of #IPL 2017.. https:// circleofcricket.co/2017/Apr/14/IP L-2017-BCCI-set-to-welcome-CSK-RR/ ,positive
If #CSK returns... #RPS will be eliminated from IPL am..!! Dear Harsh Goenka... Vaazhka Oru Vattam da..!,negative
@SirJadeja I want #RPS to loose but want @msdhoni to perform Well and give a tight slap to his haters. #CSK #reunion https:// twitter.com/sirjadeja/stat us/852927538322079744 ,negative
  ...  -  ' '  ! #OLBNNews #Dhoni #MSD #CSK ... http:// fb.me/6DumcRjvz,neutral
The man who lead #csk for 8 #ipl season one and only Ms Dhoni set ready to make comeback In #chennaisuperkings as skipper #mahi #csk pic.twitter.com/lC9IG10T9J,positive
The two teams will be a part of IPL 11?? Who else is waiting for them? http:// bit.ly/2odpHOs #CSK #Chennai #RR #Rajisthan #IPL #IPL2017,neutral
#CSK #YellowArmy https:// twitter.com/BrokenCricket/ status/853072397477396480 ,neutral
@msdhoni My Dear World... Your King of Kings...We are waiting to see you on yellow #whistlepodu #CSK pic.twitter.com/vk6azP6T6u,neutral
 #CSK ,neutral
#whistle pooddduuu all the #csk fanss #MSD is back to his team #OneYearToGo #IPl11 http:// fb.me/7EvR2jmXx,neutral
@ChennaiIPL @BCCI Gives IOT to #CSK and #RR Bt Rajasthan franchise going to be chang,neutral
#CSK https:// twitter.com/ImRaina/status /852966216205561856 ,neutral
hey homie.get done with the practices this year. We gotta kick some ass next yr. #badass #CSK #fanforlife .,neutral
@msdhoni will back in this season,neutral
@SPFleming7 was so good with his strategies when he was with #CSK . Must play Dhoni at 4 and Stokes at 5 in the next match. @RPSupergiants,positive
#csk returns the ipl games dhoni in to toss,neutral
@JontyRhodes8 Agree? @ImRaina Waiting for your grand comeback to @ChennaiIPL and Team India very soon. #CSK #Raina pic.twitter.com/7de3ecoRDN,positive
Love u till the end of time @msdhoni #msdhoni #ipl #teamindia #CSK forever,positive
Next year I wants to play for #CSK @ChennaiSuperK10 @Whistlepodu4Csk @msdhoni @ImRaina @ashwinravi99 @Bazmccullum @imjadeja @faf1307,positive
waiting for #csk,neutral
@msdhoni @ImRaina you know We feel yesterday like this picture only....We eagerly waiting for #csk re entry in #IPL11 pic.twitter.com/tHaVqTYNyJ,neutral
@msdhoni You are legend. @hvgoenka Wait for IPL 2018. Picture abhi bakhi hein mere dost. #CSK #westandbydhoni,negative
@hvgoenka Wait 4 #CSK 2 come next year. You might end up pulling your franchise back. @msdhoni can't wait @SirJadeja #ipl,neutral
Cap confirm for kholi but the cup not yet received by kholi,neutral
Waiting for some big 6's Yellow Color #csk #ipl https://www. instagram.com/p/BS4RNOGl9Ya/,neutral
@ImRaina whole #TamilNadu waiting for the #CSK entry next year,positive
Great News!! Csk Back with Dhoni #westandbydhoni #ipl #IPL2017 #csk http://www. cricafe.com/csk-rr-set-mak e-comeback-ipl-2018/ ,positive
#dhoni will be back as #csk captain with his bombarded performance with his own team . Miss your performance #mahi,positive
Waiting for a bang like mad for 2 years #CSK,negative
obviously a topic.. Bcz of owners of #RR #CSK players r being called fixers....,neutral
#CSK http:// fb.me/3AMx4cxrp,neutral
Fabulous catch by u champ love u champ and dwe r waiting for nxt year ipl with #csk @msdhoni @ImRaina,positive
@AaronFinch5 @TheGujaratLions @aj191 congrats @ImRaina pls be back to #csk next year,neutral
Seriously dude. #CSK topic ain't worthy enough to have a discussion. They are corrupt proven by SC. And paying price for that. Period.,negative
@ImRaina waiting for #csk,neutral
Enjoy a lot #CSK,positive
We are waiting to see @ImRaina bhai to play in #CSK bleed yellow we love you a lot Raina bahi,positive
#WeStandByDhoni waiting for comeback to #csk,neutral
Bond b/w #Raina n #CSK unbeatable https:// twitter.com/ImRaina/status /852961116242157568 ,neutral
I dont its exciting till #csk returns,positive
Congratulations for #Mr150 #Sonu really missing u in #yellowJersey #CSK @ImRaina Will u play #2k18 for #csk ?? pic.twitter.com/98z936aMdG,negative
150th Match! Stunning catch! Great captaincy! Super boundaries! Nailed it @ImRaina Good luck for rest of the matches! #RainaFan #CSK,positive
This pic made me cry as a #CSK fan #westandbydhoni #dhoni #GLvRPS From csk to Rising Pune Supergiant the journey tells it #IPL pic.twitter.com/JpRKkQ3qHo,neutral
Eagerly waiting for #CSK and @msdhoni as a caption...,neutral
Im eagerly waiting to see you on #CSK @ImRaina #2k18,neutral
@ImRaina congo for #150th IPL Play well.. take care of your family...They means you :) Come back #Summer28 #Csk,neutral
@msdhoni #csk #chennai waits 4 u thala dhoni,neutral
@msdhoni @ImRaina @ashwinravi99 #csk Will be back #chennai waiting for dhoni https:// twitter.com/ChennaiIPL/sta tus/852915263385239552 ,neutral
@ChennaiIPL both Hat Trick taking bowlers were part of CSK's squad. CSKians rocks. @ImRaina @imjadeja @ashwinravi99 #csk,neutral
Best openers .... #csk,positive
#GLvRPS So this may be last year for RPS after their horror performance since their debut so we are waiting 4 #CSK to back in action nxt yr,positive
#BCCI set to welcome #CSK <3 #MSDhoni to join #CSK at the end of #IPL 2017 <3,positive
#csk #WeStandByDhoni #WeStandByDhoni #WeStandByDhoni #WeStandByDhoni #WeStandByDhoni #WeStandByDhoni #WeStandByDhoni #WeStandByDhoni,neutral
bro take rest ,neutral
Andrew Tye and Samuel Badree got #Hatrick Remind You - both have represented #CSK in the past #WeStandByDhoni,negative
Can't wait anymore for #csk,neutral
#CSK #MSD http:// fb.me/WVRu3t71,neutral
#WeStandByDhoni #csk will back with captain cool @msdhoni next #ipl 11 #GLvRPS pic.twitter.com/3N1EE73Xth,positive
#Duo 's are back it was really a feast watching them bat #Brendon_Mccullum #Dwayne_Smith <3 <3 remembering #by_gone memories #CSK #Roar,positive
Hopefully we can see them again in yellow next year #csk https:// twitter.com/bhogleharsha/s tatus/852922699936563202 ,neutral
@This what happens when you hate dhoni. #csk #IPL #IPL2017 pic.twitter.com/amwbvjzebp,negative
We are coming back strong. #CSK #IPL2018 pic.twitter.com/dyk19qcaP2,positive
#WeStandByDhoni Get him back in yellow Jersey of #CSK and see the magic of Dhoni Color makes the difference @msdhoni,positive
A day of hat-tricks. Interestingly,positive
@RPSupergiants least Followed @IPL team among all Teams even among suspended #RR & #CSK Jst bcz of their owner @hvgoenka is disrespecting Ms,negative
Support #Dhoni forever .... Don't worry mahi Bhai millions of your fans are with you.... #westandbydhoni .... Waiting for #csk .... pic.twitter.com/cVdib1Nzql,neutral
This picture could be heart breaking for #CSK Fans. #IPL #GLvRPS pic.twitter.com/2eCMTy47Qk,neutral
#GLvRPS @ImRaina @msdhoni you both are #CSK blood congratulations #RAINA and respect for #msdhoni,neutral
#BCCI set to welcome #CSK .. #MSDhoni to join #CSK at the end of #IPL 2017 Source - @comment dappa,positive
Next year the IPL Kings #CSK returns yeyyyyy...:-) :-) pic.twitter.com/ZBSezv01ex,neutral
Now I want #Csk reunion picture... @ImRaina @DJBravo47 @SPFleming7 @faf1307 @msdhoni #Csk #westandbydhoni #ipl #GLvRPS,neutral
We are back #msdhoni #csk https:// twitter.com/rameshlaus/sta tus/852946847404576768 ,neutral
Tonight #Hussey in commentary box #Csk family complete @msdhoni @ImRaina #ipl #CSKvCSK,positive
Whistles are ready! #Whistlepodu #CSK #MSD https:// twitter.com/rameshlaus/sta tus/852946847404576768 ,positive
#BCCI set to welcome #CSK .. #MSDhoni to join #CSK at the end of #IPL 2017..,positive
Varom sollu thalli nillu #CSK #2018 pic.twitter.com/diynx74UZA,neutral
#BCCI set to welcome #CSK .. #MSDhoni to join #CSK at the end of #IPL 2017.. https:// circleofcricket.co/2017/Apr/14/IP L-2017-BCCI-set-to-welcome-CSK-RR/ ,positive
2018 #csk,neutral
We need this kinda pic rn. @ImRaina @faf1307 @DJBravo47 @msdhoni !! #RPSvGL #CSK https:// twitter.com/msdianshreya7/ status/852942473974259712 ,neutral
@hvgoenka @msdhoni will forgive you but Karma is a Bi*** bottom of the points and fair play table #IPL #rpsvsgl #cSKforever #GLvRPS #CSK pic.twitter.com/pbOiDsucuH,positive
#IPL2018 Waiting Waiting Waiting #CSK Team Malli Kalisthe Untadi Opposition Ki Band Baaja Bharath Yee....,neutral
U @hvgoenka & @RPSupergiants Made It To The Top Of The Table (Frm Btm ) ,positive
That's what a destructive opening partnership can do the confidence of a team. The #CSK pair in form is a serious threat to any attack #IPL,negative
Don't worry #Thala ... You'll rock next year #CSK . #westandbydhoni,neutral
The word #Csk spelled by #sureshraina Ends my day welll.. @ChennaiIPL @CSKFansOfficial @TNRainaFans @Raina_Universe,neutral
@hvgoenka bitten by Frankenstein's (Dhoni's) monster (baz) lol Nw v knw wat is a jungle nd whos t king #GLvsRPS #Dhoni #baz #csk,positive
@stevesmith49 #RPS good show to capture bottom of the table. @ashwinravi99 It's fate of RPS ,positive
Heart breaking moment for #csk lovers..... #GLvRPS @ImRaina pic.twitter.com/pyMJn9raN8,neutral
Match Katamb na.Ab post Karo photo @ImRaina @msdhoni @faf1307 @DJBravo47 We are waiting:P #CSK,neutral
#CSKmemories #CSK @ImRaina @imjadeja @Bazmccullum Dr.smith,neutral
Palaya Records eduthuu paarunga #CSK #CSK pic.twitter.com/7yOIM3UobX,neutral
Remember #CSK We will be back! https:// twitter.com/bhogleharsha/s tatus/852922699936563202 ,neutral
You are not a true @msdhoni fan unless you are blocked by @hvgoenka #IPL #cskforever #IPL2017 #GLvRPS #csk,negative
This Moron just blocked me for this!! @hvgoenka ! #IPL #CSK @ChennaiIPL #MsDhoni pic.twitter.com/21oMx0cJcH,negative
Again Minni #csk won the heart #GLvRPS well done @gujratlink,neutral
Just to say,neutral
Generally I don't like the colour But trust me,positive
Want them in YELLOW nxt year #CSK #Dhoni #raina #jadeja,neutral
Yes #Csk #Whistlepodu https:// twitter.com/arvinfido_/sta tus/852938887748046848 ,neutral
#sureshraina looking dangerous.... #Raina150 #westandbydhoni #WeStandWithDhoni #msdhoni #csk,negative
This Really Hurts To See @msdhoni @ImRaina @imjadeja #CSK @ChennaiIPL #MSDhoni #WeStandByDhoni #UnexpectedMoment #TimeChanges pic.twitter.com/dtn58DWme0,positive
 CSK=RPS*GL  when I see today match ..No opponent in the match #RPS #msdhoni #MotoRPS #csk #IPL2017 #msd "CSK=RPS*GL" #GLvRPS #IPL10 pic.twitter.com/DBijuZC7vq,neutral
Next year Namma #Csk will rock,neutral
All chennai player blast today except dhoni because he will blast next year with his yellow army #CSK #GLvRPS,neutral
  . 2        #CSK  RT  pic.twitter.com/U03fzUhq7n,neutral
 CSK=RPS*GL  when I see today match ..No opponent in the match #RPS #msdhoni #MotoRPS #csk #IPL2017 #msd "CSK=RPS*GL" pic.twitter.com/0cxl7QL2g4,neutral
That the thing we want to show @hvgoenka ... we support dhoni we love dhoni waiting for #csk to comeback #WeStandByDhoni,positive
#WeStandByDhoni he is a star !! He becomes super star when he wears yellow again. @msdhoni @SaakshiSRawat . #csk #wemissyou,positive
This pic!! the fearless lion with its army from the den to the battlefield! #dhoni #captaincool #bleedblue #csk pic.twitter.com/MGsoITusZn,neutral
Today is great reunion of #CSK Dhoni,positive
#GLvRPS match between all #CSK players,neutral
     #CSK,neutral
Miss u #CSK,neutral
@ChennaiIPL @SriniMama16 @msdhoni @ImRaina @SirJadeja @ashwinravi99 @DJBravo47 @faf1307 @mucullum we are waiting for IPL2018 #CSK https:// twitter.com/MSDIAN7/status /852933128607850496 ,neutral
#westandbydhoni @msdhoni loveeeeeeeee uuuuuuuuu msd #comeback with bang in #csk capt pic.twitter.com/ipFr2piaZr,neutral
Owner sari ya irundha dhan... Workers um sari ya irupanga #RPS n Owner Next Year Ipl La DHoni masss kaatuna podhum #Csk,neutral
CSK CSK EVERWHERE #CSK,neutral
CSK fans in stadium #cskforever #csk !! @ChennaiIPL !! pic.twitter.com/q3zCssoMh9,neutral
Jaddu picking MSD,neutral
Best Openers... #CSK Ki Yaad Dila Di... @IPL #eit20 pic.twitter.com/v3MF8Z1Ws0,positive
#CSK gave you so much.. So everytime u c former @ChennaiIPL player.. Beautiful memories #ipl,positive
plz plz god..when will we be together again.. #CSK Again,neutral
If you respect the #legend he will make some magic but if you disrespect then definitely he will give you the #shit #dhoni #Pune #csk pic.twitter.com/LyYYMEQJPH,positive
How time changes #CSK #IPL #Dhoni #Raina #Jadeja pic.twitter.com/vT7J2k7lGd,neutral
RPS is a lost case. Persisted with d team only coz of #MSDhoni End of #IPL for me. Await the come back of men in Yellow. #CSK #Whistlepodu,neutral
Hussey from that commentry Box is talking about #CSK as well!!,neutral
And #Hussey cant stop speaking about #CSK Once a Cskian Always a CSKian #IPL @ChennaiIPL Love You Huss Master,positive
and evryone thats been smashing the ball around today is a #csk player....,neutral
Too much of yellow madness in the ground. #CSK #WhistlePodu #CSKvCSK,neutral
#CSK running away with the game. #IPL,negative
#CSK https:// twitter.com/bhogleharsha/s tatus/852922699936563202 ,neutral
Just training For #Csk team I remember the #Old match for Csk @Bazmccullum @DhanushKavi2,positive
Talks of #CSK all over Twitter !! #GlvRPS,neutral
   . #CSK,neutral
#GLvRPS Both #CSK openers are on practice for next Season... #IPL10 #IPLT20,neutral
     #CSK https:// twitter.com/bhogleharsha/s tatus/852922699936563202 ,neutral
Remember #CSK a lot during this opening partnership... #IPL miss #CSK #GLvRPS,neutral
And wicket-keeper behind the stumps,negative
Fleming tactics & selection r gone wrong in last 2 years,negative
Without CSK ,neutral
Mccullum and Smith have started practicing for next year! Wow. :D _/\_ C.....S.....K.... #CSK #VIVOIPL #Whistlepodu @ChennaiIPL,positive
Mcculum and smith providing a smashing start !! Followed by raina at one down #csk #csk #csk #GLvRPS #whistlepodu !!,negative
@RPSupergiants GL171/1 OVER15.5 D SMITH 47 S Raina 43* Mccullum85* his form #CSK #msdhoni,neutral
Another #Csk mate join #Baz #CskReunited #GLvsRPS #ipl #GameMaariChhe #RangWahiJungNayi #msdhoni #Whistlepodu,neutral
Even the commentators are talking only about #csk ,neutral
#csk https:// twitter.com/bhogleharsha/s tatus/852922699936563202 ,neutral
Mccullum and Smith have started practicing for next year! Wow. :D _/\_ C.....S.....K.... #CSK #VivoIpl #MSD #Whistlepodu,positive
sher agar ghayal bhi ho jaye tab bhi rahta to vo jangal ka raja hi hay. @ChennaiIPL #csk dil me hay dhoni,neutral
I think his heart is with #CSK & Srini Mama. Waiting for ban to end. #msdhoni,neutral
Fabulous start by @Bazmccullum and #smith .Nostalgic feeling for #Csk . Also having @msdhoni behind the stumps #GLvRPS #VIVOIPL @ipl2017,negative
It's CSKvsCSK,neutral
Why can't u play with baba aparajith and indrajith?just always sitting in dugouts #RPS #csk #RPSvGL,neutral
Only a CSKian can understand this. #CSK #WeStandByDhoni https:// twitter.com/inzaynpari7/st atus/852928694834343936 ,neutral
Brendon McCullum & Dwayne Smith rewinding the #CSK days ... Poor Pune have no answers in the 1st 6 overs ! #GLvRPS #IPL,negative
#GL best openersaaa. Ivanga open Lanna semaya irukom nu kandu pidichathe nangatha #csk #ipl,positive
Enjoying this batting by Smith and McCullum #CSK #Nostalgia #CSKDerby #GLvRPS,positive
Baz and Doctor. #csk da,neutral
This Dhonian Onions are ranting on my TL. Go,neutral
thats why #Dhoni is not playing well as a batsman. He is waiting for #CSK .,neutral
Dangerous pair is back,negative
The Doctor #DwayneSmith always best when opening . He has done well for #CSK and @TheGujaratLions finally gets him to bat at top #GLvRPS,positive
It's not the same without the boys in yellow!!! #CSK https:// twitter.com/bhogleharsha/s tatus/852922699936563202 ,neutral
It was 2 year suspension!! You are already scared of our comeback !! #csk !!,neutral
Deadly opening combo this,negative
   #csk  #GL  &  #GLvsRPS,neutral
#csk 1 year wait for yellow jersey,neutral
CSK vs SRH !! Matches played : 6 CSK : 4 SRH : 2 BURN !!! #CSK !! https:// twitter.com/mythreyaks/sta tus/852925894968582145 ,neutral
Smith and Mccullum....WOW that kindles so many memories to the #csk fan! #ipl #GLvRPS,positive
Haters troll as much as u want because in 2018,positive
Nostalgia moment when Smith and McCullum smashing the bowlers all around the ground. #CSK . If Dhoni in Gujarat team it's the perfect CSK 2.0,positive
It's all happening out there! The #CSK openers Dwayne Smith & Brendon McCullum on fire. Closely watched by skipper Dhoni behind the stumps!,negative
#msdhoni #helicopter_shot #csk #2018 #ipl #westandbydhoni pic.twitter.com/qaJm2EYtai,neutral
This #WhistlePodu shit is already disgusting. Wish,negative
#WeStandByDhoni Come Home Thala... #CSK ...We are Waiting... #WhistlePodu,neutral
aftr interduction of #CSK in #IPL yellow standa for destruction #GLvRPS #smith #BrendonMcCullum,neutral
Baz and Dr Smith opening,neutral
Nice batting by #GL and former #csk opener... #GLvRPS #sonysix,positive
Smith & McCullum's opening partnership. Dhoni,neutral
#thala #dhoni #csk #msdian https:// twitter.com/suprithapai14/ status/852916505763209216 ,neutral
Bang bang bang #CSK,neutral
Remembering and Missing #CSK https:// twitter.com/bhogleharsha/s tatus/852922699936563202 ,negative
This hurts the most for every #CSK fan #GLvRPS #IPL pic.twitter.com/QdO6aIcR1o,positive
McCullum & Smith. What a dangerous opening pair. Anyone remember them in yellow??? Yes,negative
And our opening pair of Bazz & Smith going great guns... Miss u #CSK ... #10SaalAapkeNaam #GLvRPS,positive
#CSK #Whistlepodu https:// twitter.com/bhogleharsha/s tatus/852922699936563202 ,neutral
Always #csk #Whistlepodu #YellowArmy https:// twitter.com/bhogleharsha/s tatus/852922699936563202 ,neutral
@msdhoni #csk pic.twitter.com/w5CmWRsm4f,neutral
#GLvRPS McCullum and Smith. Remember them in yellow!! #CSK,neutral
Harsha Bhogle: McCullm and Smith. Remember them in yellow!! http://www. cricbuzz.com/live-cricket-s cores/18133/gl-vs-rps-13th-match-indian-premier-league-2017  #GLvRPS via @cricbuzz Cant wait 2 c dm in #CSK nxt yr.,positive
#Csk @Amogh_09 https:// twitter.com/bhogleharsha/s tatus/852922699936563202 ,neutral
 #Csk https:// twitter.com/bhogleharsha/s tatus/852922699936563202 ,neutral
Top 3 #CSK,positive
The #CSK duo is in for Gujarat & looking good so far. #RPSvGL,positive
Don't insult me! #whistlepodu all the way! IPL without #CSK is a joke,neutral
The destructive opening pair as expected. Brings on lots of memories. :') #BazSmith #CSK #GLvsRPS,negative
Both #CSK openers up against Dhoni #GLvRPS,neutral
#Csk Pair @ChennaiIPL,neutral
D.Smith is back as opener! Bazz-Dwayne combo is back! #CSK #GL #GLvRPS,neutral
The dangerous #Csk opening pair is here! #CskReunited #GLvsRPS #ipl #GameMaariChhe #RangWahiJungNayi #msdhoni #Whistlepodu #bazz #smith,negative
You have told this then how come next year as cap of #CSK ?,neutral
Thala #msdhoni will comeback strong !! Hate seeing him in Pune jersey !! Yellow is the color !! #csk #SummerOf18 pic.twitter.com/lGDzEPRVyY,negative
Owner aama. Thu. Thala just wait for this season. #CSK #2018 #WeStandByDhoni pic.twitter.com/73sPYtPOnX,neutral
#IPl #IPLselfie #IPLFantasy @ImRaina @msdhoni @faf1307 @DJBravo47 @ashwinravi99 @albiemorkel @SPFleming7 #csk Eager to CSK!! pic.twitter.com/gPacn9NQlk,neutral
 #CSK ,neutral
#Rps dhoni must be the captain of rps and if not then no need for him to play for this team...Release him.!!! #CSK Waiting pic.twitter.com/4MbmAqwgHO,neutral
2 hattricks on the same day in IPL. #GLvRPS #RCBvMI #Badree #Tye #IPL2017 #CSK,neutral
         #CSK  ,neutral
      #csk,neutral
#WeStandByDhoni Next year will be the real feel of #ipl #csk #thala #dhoni,positive
Yes the whistles will be back - loud and ear shattering! #Whistlepodu #CSK #WeStandByDhoni https:// twitter.com/chennaiipl/sta tus/852915263385239552 ,positive
Waiting for #Dhoni to join #CSK,neutral
Miss our #CSK though,neutral
    !! #CSK #MSDhoni #IPL2018,neutral
Andrew Tye was on the Bench for #CSK 2 years back.. #IPL,neutral
That thala eh thalapathi ya moment #rpsvsgl @msdhoni Vs @ImRaina #csk,neutral
Factu #CSK pic.twitter.com/yIvhqepi4M,neutral
@msdhoni Sir Plz Leave the Team @RPSupergiants they don't deserve u. Plz wait till next IPL.Will see u in @ChennaiIPL as a captain. #CSK,neutral
#MSDhoni will be back with the bang in the next IPL for his own team #CSK . Things are not gud with #RPS . Waiting thala #WeStandByDhoni,positive
@hvgoenka #csk Come back soon . #mahi #dhoni We fans r dying to see u leading #csk #bleedyellow Don't make a single run also for #RPS,negative
Better #MSD Leave #RPS n next year he can become Captain of #CSK #WeStandByDhoni,positive
    .   ,neutral
#MSDhoni gone #Mr .Goneka it's your turn to start #criticism . #WeStandWithDhoni #csk #ipl2018 @SirJadeja @msdhoni,neutral
#MSDhoni #Raina #Jadeja #Ashwin k bina #CSK adhura hai #WeStandByDhoni #IPL #CSK #RPSvGL,neutral
Come back nxt yr apo. Vera level msd dhaan #csk,neutral
Time sari illa. Better to leave this ipl and comeback next year as a king. #CSK #GLvRPS,positive
Heart says @TheGujaratLions but it also says @msdhoni . Just a #csk fan things. @ChennaiIPL We will have a reunion soon. :),neutral
Bcoz...He loves to play in #CSK only... https:// twitter.com/fwildecricket/ status/852911552705515520 ,neutral
Next year #CSK ku palaya dhoni ya kandippa vandhu jeika veipaar,neutral
Watching #RPSvGL is like #CSK A & B team,neutral
#WeStandByDhoni huh dw dhoni fans he's an Phoenix... keep calm and wait for the king's #CSK entry pic.twitter.com/5rNGU1b9xV,positive
#Dhoni Bhai Next #IPL Me #CSK Se Nikaaloge To Nhi Na. Galti Ho Gyi. Maaf Kar Diyo #WeStandByDhoni #RPSvGL #GLvRPS #IPL #IPL2017,neutral
#Dhoni Bhai Next #IPL Me #CSK Se Nikaaloge To Nhi Na. Galti Ho Gyi. Maaf Kar Diyo #WeStandByDhoni #RPSvGL #GLvRPS #IPL #IPL2017,neutral
     # '  #    ...!! #Dhoni #CSK #WeStandByDhoni #WhistlePodu,neutral
Plan? RPS believes more in numerology than Talent,positive
Haha..he can't wait for #CSK to be back next year..,positive
And the man himself seems least interested in this year's #ipl . #CSK next year?,negative
#CSK #RCB #MI #RPS https:// twitter.com/AndhraRowdy/st atus/852858795890008064 ,neutral
#msdhoni we respect u.... Waiting for #csk as a captain....Love u,positive
#Dhoni against #GujaratLions feels like #Dhoni playing against #CSK .!! Batting against #Jadeja #Jakati #Raina fielding.!! #GLvRPS #IPL10,neutral
True heartbreak is @imjadeja taking @msdhoni wkt & celebrating :'( @ChennaiIPL plis be back #IPL2017 #csk #GLvsRPS,positive
I think it's time for Dhoni to reinvent himself . Preferably Before he could get into #csk next year . #IPL2017,neutral
Oru side dhoni out aaitaaru nu santhosha paduratha? R thala out aaitaaru nu kavala padurathanu therila Miss #csk,neutral
Dhoni gone mixed reactions #CSK #GujaratLions #GLvsRPS,neutral
Dhan Dhana dhan #Dhoni hasn't fired with #RPS as he did with #CSK #GLvsRPS #IPL,neutral
@thegujratlions are 75% #csk team,neutral
#GLvRPS if i seriously say from heart. I dont want this match. Forever cskians #csk,negative
#___ #CSK,neutral
#WeStandByDhoni Dhoni incoming #Thala #CSK #RIP2RPS,neutral
#msd and #suresh raina are wait next IPL 11 for #csk,neutral
#Dhonidropped nevermind he will be back with CSK 2018 as captain #csk,neutral
#dhoni #WeStandByDhoni #csk,neutral
he doesn't want to play this season in this team,neutral
He was part of #CSK for one season. But din get a game I guess.,negative
#westandbydhoni proud to be #msdian Waiting for #csk dhan dhana dhan #dhoni classy #captain goenka u will feel hard fr insulting #msdhoni pic.twitter.com/62zmc4rfQi,negative
#CSK will Back #Mahi Storm will come #WeStandByDhoni #GoenkaBrothersFuckOff #RPSvsGL,neutral
No matter whatever happens... #CSK is my fav team... #MSD is my captain... #DHONI RAINA fav pair... THE KINGS WILL BE BACK @msdfansofficial pic.twitter.com/gzT4x0iP2S,neutral
#westandbydhoni #csk waiting to see thala dhoni on yellowJersey @msdhoni @ChennaiIPL whistle podu.. pic.twitter.com/JoKnlvmh4T,neutral
Miss you #CSK http:// fb.me/8D1RiS80w,neutral
As a MI Fan ,neutral
#WeStandByDhoni #csk varum appo paaaru....varlam varalaam bairavaa pic.twitter.com/0fRnYiwE62,neutral
@ChennaiIPL #CSK forever... #msdhoni and #Raina #GLvRPS pic.twitter.com/nTkb45hBjn,neutral
dhoni ko is team ke saath khelna he nahi chaheye i wish team #CSK hote phir dekh ta pura world dhoni ka kamaal,neutral
IPL 2018 Pune supporter= 0% #Csk is coming #westandbydhoni,neutral
No #MSDhoni No cricket... #westandbydhoni #csk ..,neutral
#WeStandByDhoni you are a King here... come dhoni... this is ur place... we love you... #CSK should be back...,positive
A well successful team after #CSK,positive
Y. After #CSK we( #MI ) have a huge fan followers. Even chennai lost more games with Mumbai.   . https:// twitter.com/chitram_twitts /status/852855602892210176 ,positive
Thalaivarkku yella Jersey um nallathaan irukkum aanalum #csk jersy la vanthu helicopter shot adikkarathu gethu thaaan #waiting 4 csk entry pic.twitter.com/OJa6MSwhSU,neutral
Say no to #rps real ms dhoni fan waiting for #csk #whistlepodu Dil me hay dhoni @ChennaiIPL #ipl10 #ipl2017 pic.twitter.com/tugYOzQYk0,positive
Wooh.. #CSK on the field one side @msdhoni and another side @gujra #GLvRPS #IPL #IPL2017,neutral
Next year finals la #RCB #CSK vilayadum nu my seventh scence saying,neutral
Next year will be one family #CSK #RPSvGL pic.twitter.com/8KMf9jgSr1,neutral
#dhoniisnotdropped !! #dhoni is a legend! @msdhoni .. can't wait for #csk to be back! #sauravganguly is just a bitter #IPL2017,negative
#Csk  #Ipl     #IPL2017,neutral
r u sure ki dhoni will go to #CSK ,positive
#CSK reunion..!! #GLvRPS,neutral
#MI ,neutral
The secret of winning #IPL lies in having 5 quality bowlers. #RR #CSK #DC #MI #KKR #SRH every single team played with 5 proper bowlers.,positive
lavda,neutral
 #IPL         #csk    .,neutral
#WeStandByDhoni Nee va Thala #CSK is waiting for you https:// twitter.com/ImYokEsH/statu s/833314820812374016 ,neutral
It's so heart breaking to see all these happening with @msdhoni . Hopefully,neutral
Ganguly : "Not sure if #msdhoni is a good T20 player" Do you agree? #WeStandByDhoni #Dhonidropped #ipl #RPSvGL #RCBvMI #raina #csk #msd,positive
Oh! #CSK Playing today with two different names. #RPSvGL #IPL,neutral
Have u forgotten his innings vs #CSK in the final in a similar situation?,neutral
12th match is over. 48 to go for #csk to return #ipl @ChennaiIPL,neutral
This will happen again #CSK #YellowArmy Next year going to be year of #YellowArmy Just one more year n #RPS BOOM #WeStandByDhoni pic.twitter.com/GYe7gATswU,positive
#WeStandByDhoni Love_u_dhoni Champion u r & u will always b the champion & punt owner ur so stupid Next year see our captain in #csk,negative
Can't wait for #CSK V2.0 #IPL2018,neutral
#WeStandByDhoni against all odds.. the superking will b back in his den next year !! #csk,neutral
Am I the only one to see #Dhoni in #CSK next year.... #Dhonidropped,neutral
Who will be happiest in next #IPL match? Ever wondered how Williams parents feel during Serena v Venus match? #CSK = proud parents tonight.,positive
When #RCB and #MI plays,neutral
We don't care about this IPL. Waiting for next year for the Roar of #CSK #westandbydhoni pic.twitter.com/BilMUxJm54,neutral
it'll be a treat to watch #MSDhoni & #raina today. #GLvsRPS #CSK @IPL ....,neutral
Form is temporary class is permanent. #WeStandByDhoni Runs will come and so will be the lion in yellow jersey with a roar. #IPL2018 #CSK,neutral
Missing Yellow Jersey no 7 #MsDhoni Waiting #IPL 11 #CSK @msdhoni @ChennaiIPL #WeStandByDhoni,negative
#westandbydhoni The legend will be back.... Today I'm going to see #csk pic.twitter.com/AweNUf0hUP,neutral
      #CSK forever. https:// twitter.com/sanniyyasi/sta tus/852873261318799361 ,neutral
Reason: Fixing Victory's and Trophys #CSK https:// twitter.com/AndhraRowdy/st atus/852858795890008064 ,neutral
#samuelBadree former #csk bowler pic.twitter.com/2UiB954upQ,neutral
come back soon missing u #csk missing u too much,negative
#WeStandByDhoni I am from Maharastra but I am supporting bloody #RPS #msdhoni         #csk  !,negative
@bhogleharsha #badree was in #CSK before & now he is back to RCB with a bang!,neutral
#WeStandByDhoni waiting for MSD to back in yellow colour. #KKR fan but will support #csk only bcz of Dhoni,neutral
#WeStandByDhoni always a Dhoni fan.. #CSK,neutral
. @hvgoenka **....     ..   #CSK     ..!!! #WeStandByDhoni,neutral
#WeStandByDhoni always a Dhoni fan.. #CSK,neutral
Yeddy Manam next year chusukunadam King will b back #csk,neutral
Our support is alwayzz with u #csk #DhoniForever #WeStandByDhoni,neutral
I would have been the happiest if he would have played for #csk in his 150th match,neutral
#WeStandByDhoni One man army #msdhoni #csk pic.twitter.com/S65kt1mCoR,neutral
Next year Coming the King of King's Super Kings #CSK the Ruler of IPL #WeStandByDhoni pic.twitter.com/XeqkJM1rOQ,positive
badree.. Former #CSK player,neutral
#westandbydhoni @msdhoni @SaakshiSRawat show who you are really capable of and shut those haters away . We are with you. #IPL #RCBvMI #csk,positive
#WeStandByDhoni Always with our Chennai Super King Thalaiva...!! #CSK,positive
0,neutral
Supported #CSK Than.. Supporting #RPS Now.. Because I am Fan Of @msdhoni ,positive
We miss #CSK @ChennaiIPL . #IPL,neutral
Just 1 Year to Go.. #CSK will be Back.. "Real Gethu will Start " #DHONI #WeStandByDHONI pic.twitter.com/g4YvEfnOHg,positive
To your knowledge Sir @SGanguly99 . We respect you so much but these kind of stupid statements will... #msdhoni #csk #ipl #IPL2017 pic.twitter.com/lFtQRnzgcD,positive
I was ur fan,neutral
   #CSK @ChennaiIPL pic.twitter.com/BfZ59vOFec,neutral
Just one year the legend #msdhoni will be back with all his might. He will answer to all the questions. #csk #DhoniWillRise,neutral
#WeStandByDhoni Sonnaa puriyathu,neutral
Kids Waiting for #Kolli century Men waiting for #Gaymbhir Century #Legends waiting For #CSK #Ipl11 #MSDian Forevr #WeStandByDhoni,neutral
#CSK Ku wIZZLE PODU ! http:// fb.me/1U1sv80LB,neutral
#WeStandByDhoni This year IPL goes without MSD captainship Nxt yr our team #CSK &mahi roar again,neutral
Without letters #CSK must say letters #IPL don't carry the same charm They gave the game its energy #Whistlepodu #NammaChennai #RCBvMI,negative
#WeStandByDhoni The Lion will be back in his den next yr.. @msdhoni #csk,neutral
#westandbydhoni #msdhoni #msd #csk pic.twitter.com/IvaBpYp2S0,neutral
#WeStandByDhoni Thala will be back in action #csk #msdhoni pic.twitter.com/eRDY3qZfsz,positive
We want dhoni as captain in #CSK again #WeStandByDhoni,neutral
  #RPSvGL  #CSK (right)vCSK(left),positive
When there is no @ChennaiIPL match on Tamil new year then there comes #CSK Derby #GLvRPS Few hours to go,negative
#CSK is mah fvrt team #WeStandByDhoni,neutral
That smile which worth billions ... #WeStandByDhoni #MAHIWAY #MSDhoni #IPL #GetBackMahi #TheHelicopterMan #RPSG #CSK #WeAreWithYouMahi pic.twitter.com/bgba7Pomxk,positive
He has his personal stake on #CSK unlike #RPS It has got nothing to do with any statement. He is the most #clever cricketer ever,positive
Waiting waiting waiting....not just for #MSDhoni vs #raina but for #csk back....,neutral
#CSK @msdhoni #WeStandByDhoni pic.twitter.com/KqXonhphzY,neutral
Yellow is the colour which suits u and we want to see in that colour and lead the CSK team. #westandbydhoni @msdhoni #CSK https:// twitter.com/MSDianShreya7/ status/852832949401657344 ,neutral
@hvgoenka                IPL11 #CSK @msdhoni #ipl,neutral
#DhoniDropped #westandbydhoni #IPL #MIvsRCB #RCBvMI #MSDhoni : Pic 1: When he plays for #CSK Pic 2: When he plays for #RPS pic.twitter.com/13HNj8Ljpr,neutral
Waiting for csk in #11 ipl season King@msdhoni and worriors are back #csk,neutral
Awesome but whoever wins it will be a win for #csk @msdhoni and @ImRaina best part to see them together luv u #MAHIIII #MSDIAN_4EVER,positive
CSK is not just a team,neutral
       #MSDhoni    #CSK,neutral
   ... #CSK,neutral
When #MSD was #CSK 's captain,neutral
#WeStandByDhoni rt if u love him #csk #RPSG #GLvRPS #RCBvMI @Whistlepodu4Csk pic.twitter.com/GIIhUz21e0,positive
Fuck this IPL season,negative
#DhoniDropped Hope BCCI allows #CSK next year !!,neutral
This logo itself gives Goosebumps... Paltans lan Miraluvanunga... Tha varom Next Year #CSK King of IPL pic.twitter.com/vYAyqfRil5,neutral
4 years back.. #CSKvRCB RP Singh no ball,neutral
#DhoniDropped Recent Fight is bcoz when #RPS Management req #Dhoni to not leave RPS but he refused & informed his #csk entry next year,neutral
its good if its true. #Dhonidropped - Cause Shitty team like #RSP doesnt deserve him. come back next year with #CSK and bang...,positive
#Mahi - in next IPL i'll be coming with my Team( #CSK ) as A Captain. # ---- !! @msdhoni @SaakshiSRawat #DhoniDropped #Rps pic.twitter.com/iuYTOGdKdm,neutral
#kkr will lose when #csk took control,neutral
#CSK ke fan lagte ho,neutral
ThIs r the sessIonal parrots who r questioning MS ,neutral
He'll be back as Captain with #CSK This is purely personal Grudge,neutral
Let the to league matchs if coz in playoffs be the last becz next our #csk ill b back.... @ChennaiIPL,negative
Desperately want to see @msdhoni @ImRaina to play together again. #Whistlepodu #ipl #CSk,negative
Today Match Between #RPS vs #GL That Mean #csk vs #csk #MSDhoni #IPL2017,negative
For me and my people,neutral
#Csk reunion,neutral
